NAME,DATA,DEVICE,PUBLISHED AT
temperatureF,77.707397,sanaz,"April 28, 2021 at 06:51PM"
temperatureF,77.885597,sanaz,"April 28, 2021 at 06:52PM"
temperatureF,77.707397,sanaz,"April 28, 2021 at 06:53PM"
temperatureF,78.182602,sanaz,"April 28, 2021 at 06:54PM"
temperatureF,76.816399,sanaz,"April 28, 2021 at 06:55PM"
temperatureF,76.638199,sanaz,"April 28, 2021 at 06:56PM"
temperatureF,77.291595,sanaz,"April 28, 2021 at 06:57PM"
temperatureF,77.648003,sanaz,"April 28, 2021 at 06:58PM"
temperatureF,76.638199,sanaz,"April 28, 2021 at 06:59PM"
temperatureF,76.044197,sanaz,"April 28, 2021 at 07:00PM"
temperatureF,76.994598,sanaz,"April 28, 2021 at 07:01PM"
temperatureF,76.816399,sanaz,"April 28, 2021 at 07:02PM"
temperatureF,77.469803,sanaz,"April 28, 2021 at 07:03PM"
temperatureF,77.529198,sanaz,"April 28, 2021 at 07:04PM"
temperatureF,76.875801,sanaz,"April 28, 2021 at 07:05PM"
temperatureF,77.113403,sanaz,"April 28, 2021 at 07:06PM"
temperatureF,77.469803,sanaz,"April 28, 2021 at 07:07PM"
temperatureF,76.697601,sanaz,"April 28, 2021 at 07:08PM"
temperatureF,75.9254,sanaz,"April 28, 2021 at 07:09PM"
temperatureF,75.984802,sanaz,"April 28, 2021 at 07:10PM"
temperatureF,76.994598,sanaz,"April 28, 2021 at 07:11PM"
temperatureF,76.697601,sanaz,"April 28, 2021 at 07:12PM"
temperatureF,75.212601,sanaz,"April 28, 2021 at 07:13PM"
temperatureF,74.915596,sanaz,"April 28, 2021 at 07:14PM"
temperatureF,76.994598,sanaz,"April 28, 2021 at 07:15PM"
temperatureF,77.232201,sanaz,"April 28, 2021 at 07:16PM"
temperatureF,77.113403,sanaz,"April 28, 2021 at 07:17PM"
temperatureF,77.054001,sanaz,"April 28, 2021 at 07:18PM"
temperatureF,76.935196,sanaz,"April 28, 2021 at 07:19PM"
temperatureF,75.509598,sanaz,"April 28, 2021 at 07:20PM"
temperatureF,76.697601,sanaz,"April 28, 2021 at 07:21PM"
temperatureF,77.291595,sanaz,"April 28, 2021 at 07:22PM"
temperatureF,76.697601,sanaz,"April 28, 2021 at 07:23PM"
temperatureF,76.222404,sanaz,"April 28, 2021 at 07:24PM"
temperatureF,76.222404,sanaz,"April 28, 2021 at 07:25PM"
temperatureF,76.875801,sanaz,"April 28, 2021 at 07:26PM"
temperatureF,77.113403,sanaz,"April 28, 2021 at 07:27PM"
temperatureF,76.400597,sanaz,"April 28, 2021 at 07:28PM"
temperatureF,76.756996,sanaz,"April 28, 2021 at 07:29PM"
temperatureF,77.172798,sanaz,"April 28, 2021 at 07:30PM"
temperatureF,75.9254,sanaz,"April 28, 2021 at 07:31PM"
temperatureF,76.459999,sanaz,"April 28, 2021 at 07:32PM"
temperatureF,77.172798,sanaz,"April 28, 2021 at 07:33PM"
temperatureF,75.212601,sanaz,"April 28, 2021 at 07:34PM"
temperatureF,77.826202,sanaz,"April 28, 2021 at 07:35PM"
temperatureF,77.054001,sanaz,"April 28, 2021 at 07:36PM"
temperatureF,77.054001,sanaz,"April 28, 2021 at 07:37PM"
temperatureF,78.479599,sanaz,"April 28, 2021 at 07:38PM"
temperatureF,78.895401,sanaz,"April 28, 2021 at 07:39PM"
temperatureF,79.132996,sanaz,"April 28, 2021 at 07:40PM"
temperatureF,78.598404,sanaz,"April 28, 2021 at 07:41PM"
temperatureF,79.845802,sanaz,"April 28, 2021 at 07:42PM"
temperatureF,78.835999,sanaz,"April 28, 2021 at 07:43PM"
temperatureF,79.370598,sanaz,"April 28, 2021 at 07:44PM"
temperatureF,79.9646,sanaz,"April 28, 2021 at 07:45PM"
temperatureF,79.6082,sanaz,"April 28, 2021 at 07:46PM"
temperatureF,78.479599,sanaz,"April 28, 2021 at 07:47PM"
temperatureF,79.489403,sanaz,"April 28, 2021 at 07:48PM"
temperatureF,78.717194,sanaz,"April 28, 2021 at 07:49PM"
temperatureF,79.489403,sanaz,"April 28, 2021 at 07:50PM"
temperatureF,79.43,sanaz,"April 28, 2021 at 07:51PM"
temperatureF,78.598404,sanaz,"April 28, 2021 at 07:52PM"
temperatureF,78.598404,sanaz,"April 28, 2021 at 07:53PM"
temperatureF,78.301399,sanaz,"April 28, 2021 at 07:54PM"
temperatureF,77.826202,sanaz,"April 28, 2021 at 07:55PM"
temperatureF,78.776596,sanaz,"April 28, 2021 at 07:56PM"
temperatureF,77.469803,sanaz,"April 28, 2021 at 07:57PM"
temperatureF,74.796799,sanaz,"April 28, 2021 at 07:58PM"
temperatureF,76.816399,sanaz,"April 28, 2021 at 07:59PM"
temperatureF,77.113403,sanaz,"April 28, 2021 at 08:00PM"
temperatureF,76.638199,sanaz,"April 28, 2021 at 08:01PM"
temperatureF,76.994598,sanaz,"April 28, 2021 at 08:02PM"
temperatureF,73.608803,sanaz,"April 28, 2021 at 08:03PM"
temperatureF,76.341202,sanaz,"April 28, 2021 at 08:04PM"
temperatureF,77.172798,sanaz,"April 28, 2021 at 08:05PM"
temperatureF,76.875801,sanaz,"April 28, 2021 at 08:06PM"
temperatureF,76.697601,sanaz,"April 28, 2021 at 08:07PM"
temperatureF,74.856194,sanaz,"April 28, 2021 at 08:08PM"
temperatureF,74.262199,sanaz,"April 28, 2021 at 08:09PM"
temperatureF,75.687805,sanaz,"April 28, 2021 at 08:10PM"
temperatureF,73.846405,sanaz,"April 28, 2021 at 08:11PM"
temperatureF,77.826202,sanaz,"April 28, 2021 at 08:12PM"
temperatureF,77.648003,sanaz,"April 28, 2021 at 08:13PM"
temperatureF,76.519402,sanaz,"April 28, 2021 at 08:14PM"
temperatureF,74.321602,sanaz,"April 28, 2021 at 08:15PM"
temperatureF,74.202805,sanaz,"April 28, 2021 at 08:16PM"
temperatureF,75.687805,sanaz,"April 28, 2021 at 08:17PM"
temperatureF,74.024597,sanaz,"April 28, 2021 at 08:18PM"
temperatureF,76.994598,sanaz,"April 28, 2021 at 08:19PM"
temperatureF,75.153198,sanaz,"April 28, 2021 at 08:20PM"
temperatureF,75.628403,sanaz,"April 28, 2021 at 08:21PM"
temperatureF,73.311798,sanaz,"April 28, 2021 at 08:22PM"
temperatureF,74.143402,sanaz,"April 28, 2021 at 08:23PM"
temperatureF,75.450203,sanaz,"April 28, 2021 at 08:24PM"
temperatureF,74.321602,sanaz,"April 28, 2021 at 08:25PM"
temperatureF,76.400597,sanaz,"April 28, 2021 at 08:26PM"
temperatureF,72.420799,sanaz,"April 28, 2021 at 08:27PM"
temperatureF,77.054001,sanaz,"April 28, 2021 at 08:28PM"
temperatureF,74.262199,sanaz,"April 28, 2021 at 08:29PM"
temperatureF,74.678001,sanaz,"April 28, 2021 at 08:30PM"
temperatureF,73.311798,sanaz,"April 28, 2021 at 08:31PM"
temperatureF,73.965195,sanaz,"April 28, 2021 at 08:32PM"
temperatureF,75.806602,sanaz,"April 28, 2021 at 08:33PM"
temperatureF,72.658401,sanaz,"April 28, 2021 at 08:34PM"
temperatureF,72.895996,sanaz,"April 28, 2021 at 08:35PM"
temperatureF,76.638199,sanaz,"April 28, 2021 at 08:36PM"
temperatureF,72.420799,sanaz,"April 28, 2021 at 08:37PM"
temperatureF,72.836601,sanaz,"April 28, 2021 at 08:38PM"
temperatureF,73.9058,sanaz,"April 28, 2021 at 08:39PM"
temperatureF,74.262199,sanaz,"April 28, 2021 at 08:40PM"
temperatureF,76.341202,sanaz,"April 28, 2021 at 08:41PM"
temperatureF,73.965195,sanaz,"April 28, 2021 at 08:42PM"
temperatureF,75.866005,sanaz,"April 28, 2021 at 08:43PM"
temperatureF,76.578804,sanaz,"April 28, 2021 at 08:44PM"
temperatureF,76.1036,sanaz,"April 28, 2021 at 08:45PM"
temperatureF,77.172798,sanaz,"April 28, 2021 at 08:46PM"
temperatureF,74.380997,sanaz,"April 28, 2021 at 08:47PM"
temperatureF,75.7472,sanaz,"April 28, 2021 at 08:48PM"
temperatureF,76.1036,sanaz,"April 28, 2021 at 08:49PM"
temperatureF,75.806602,sanaz,"April 28, 2021 at 08:50PM"
temperatureF,73.430603,sanaz,"April 28, 2021 at 08:51PM"
temperatureF,76.994598,sanaz,"April 28, 2021 at 08:52PM"
temperatureF,75.628403,sanaz,"April 28, 2021 at 08:53PM"
temperatureF,75.628403,sanaz,"April 28, 2021 at 08:54PM"
temperatureF,75.687805,sanaz,"April 28, 2021 at 08:55PM"
temperatureF,76.578804,sanaz,"April 28, 2021 at 08:56PM"
temperatureF,73.787003,sanaz,"April 28, 2021 at 08:57PM"
temperatureF,72.836601,sanaz,"April 28, 2021 at 08:58PM"
temperatureF,73.5494,sanaz,"April 28, 2021 at 08:59PM"
temperatureF,74.678001,sanaz,"April 28, 2021 at 09:00PM"
temperatureF,76.578804,sanaz,"April 28, 2021 at 09:01PM"
temperatureF,74.084,sanaz,"April 28, 2021 at 09:02PM"
temperatureF,73.9058,sanaz,"April 28, 2021 at 09:03PM"
temperatureF,74.024597,sanaz,"April 28, 2021 at 09:04PM"
temperatureF,74.737396,sanaz,"April 28, 2021 at 09:05PM"
temperatureF,75.331398,sanaz,"April 28, 2021 at 09:06PM"
temperatureF,74.024597,sanaz,"April 28, 2021 at 09:07PM"
temperatureF,75.272003,sanaz,"April 28, 2021 at 09:08PM"
temperatureF,75.034401,sanaz,"April 28, 2021 at 09:09PM"
temperatureF,75.331398,sanaz,"April 28, 2021 at 09:10PM"
temperatureF,73.489998,sanaz,"April 28, 2021 at 09:11PM"
temperatureF,72.895996,sanaz,"April 28, 2021 at 09:12PM"
temperatureF,72.836601,sanaz,"April 28, 2021 at 09:13PM"
temperatureF,73.5494,sanaz,"April 28, 2021 at 09:14PM"
temperatureF,73.430603,sanaz,"April 28, 2021 at 09:15PM"
temperatureF,74.974998,sanaz,"April 28, 2021 at 09:16PM"
temperatureF,73.608803,sanaz,"April 28, 2021 at 09:17PM"
temperatureF,73.074196,sanaz,"April 28, 2021 at 09:18PM"
temperatureF,73.311798,sanaz,"April 28, 2021 at 09:19PM"
temperatureF,74.143402,sanaz,"April 28, 2021 at 09:20PM"
temperatureF,75.569,sanaz,"April 28, 2021 at 09:21PM"
temperatureF,74.024597,sanaz,"April 28, 2021 at 09:22PM"
temperatureF,74.559196,sanaz,"April 28, 2021 at 09:23PM"
temperatureF,75.3908,sanaz,"April 28, 2021 at 09:24PM"
temperatureF,73.489998,sanaz,"April 28, 2021 at 09:25PM"
temperatureF,75.331398,sanaz,"April 28, 2021 at 09:26PM"
temperatureF,75.3908,sanaz,"April 28, 2021 at 09:27PM"
temperatureF,75.569,sanaz,"April 28, 2021 at 09:28PM"
temperatureF,75.450203,sanaz,"April 28, 2021 at 09:29PM"
temperatureF,73.371201,sanaz,"April 28, 2021 at 09:30PM"
temperatureF,75.3908,sanaz,"April 28, 2021 at 09:31PM"
temperatureF,73.846405,sanaz,"April 28, 2021 at 09:32PM"
temperatureF,73.7276,sanaz,"April 28, 2021 at 09:33PM"
temperatureF,75.509598,sanaz,"April 28, 2021 at 09:34PM"
temperatureF,73.608803,sanaz,"April 28, 2021 at 09:35PM"
temperatureF,76.697601,sanaz,"April 28, 2021 at 09:36PM"
temperatureF,72.836601,sanaz,"April 28, 2021 at 09:37PM"
temperatureF,75.628403,sanaz,"April 28, 2021 at 09:38PM"
temperatureF,74.856194,sanaz,"April 28, 2021 at 09:39PM"
temperatureF,73.489998,sanaz,"April 28, 2021 at 09:40PM"
temperatureF,75.806602,sanaz,"April 28, 2021 at 09:41PM"
temperatureF,75.7472,sanaz,"April 28, 2021 at 09:42PM"
temperatureF,75.272003,sanaz,"April 28, 2021 at 09:43PM"
temperatureF,75.450203,sanaz,"April 28, 2021 at 09:44PM"
temperatureF,75.034401,sanaz,"April 28, 2021 at 09:45PM"
temperatureF,74.084,sanaz,"April 28, 2021 at 09:46PM"
temperatureF,74.974998,sanaz,"April 28, 2021 at 09:47PM"
temperatureF,74.321602,sanaz,"April 28, 2021 at 09:48PM"
temperatureF,74.499802,sanaz,"April 28, 2021 at 09:58PM"
temperatureF,73.846405,sanaz,"April 28, 2021 at 09:59PM"
temperatureF,73.014801,sanaz,"April 28, 2021 at 10:00PM"
temperatureF,74.084,sanaz,"April 28, 2021 at 10:01PM"
temperatureF,72.480194,sanaz,"April 28, 2021 at 10:02PM"
temperatureF,75.272003,sanaz,"April 28, 2021 at 10:03PM"
temperatureF,72.955399,sanaz,"April 28, 2021 at 10:04PM"
temperatureF,75.034401,sanaz,"April 28, 2021 at 10:05PM"
temperatureF,75.093803,sanaz,"April 28, 2021 at 10:06PM"
temperatureF,75.7472,sanaz,"April 28, 2021 at 10:07PM"
temperatureF,74.678001,sanaz,"April 28, 2021 at 10:08PM"
temperatureF,75.3908,sanaz,"April 28, 2021 at 10:09PM"
temperatureF,75.628403,sanaz,"April 28, 2021 at 10:10PM"
temperatureF,75.7472,sanaz,"April 28, 2021 at 10:11PM"
temperatureF,73.7276,sanaz,"April 28, 2021 at 10:12PM"
temperatureF,74.499802,sanaz,"April 28, 2021 at 10:13PM"
temperatureF,75.153198,sanaz,"April 28, 2021 at 10:14PM"
temperatureF,74.796799,sanaz,"April 28, 2021 at 10:15PM"
temperatureF,74.440399,sanaz,"April 28, 2021 at 10:16PM"
temperatureF,74.559196,sanaz,"April 28, 2021 at 10:17PM"
temperatureF,74.499802,sanaz,"April 28, 2021 at 10:18PM"
temperatureF,74.321602,sanaz,"April 28, 2021 at 10:19PM"
temperatureF,74.974998,sanaz,"April 28, 2021 at 10:20PM"
temperatureF,74.915596,sanaz,"April 28, 2021 at 10:21PM"
temperatureF,74.380997,sanaz,"April 28, 2021 at 10:22PM"
temperatureF,74.440399,sanaz,"April 28, 2021 at 10:23PM"
temperatureF,75.331398,sanaz,"April 28, 2021 at 10:24PM"
temperatureF,75.212601,sanaz,"April 28, 2021 at 10:25PM"
temperatureF,75.569,sanaz,"April 28, 2021 at 10:26PM"
temperatureF,74.796799,sanaz,"April 28, 2021 at 10:27PM"
temperatureF,74.618599,sanaz,"April 28, 2021 at 10:28PM"
temperatureF,75.687805,sanaz,"April 28, 2021 at 10:29PM"
temperatureF,74.678001,sanaz,"April 28, 2021 at 10:30PM"
temperatureF,75.806602,sanaz,"April 28, 2021 at 10:31PM"
temperatureF,74.974998,sanaz,"April 28, 2021 at 10:32PM"
temperatureF,75.212601,sanaz,"April 28, 2021 at 10:33PM"
temperatureF,74.440399,sanaz,"April 28, 2021 at 10:34PM"
temperatureF,75.509598,sanaz,"April 28, 2021 at 10:35PM"
temperatureF,74.915596,sanaz,"April 28, 2021 at 10:36PM"
temperatureF,75.3908,sanaz,"April 28, 2021 at 10:37PM"
temperatureF,74.499802,sanaz,"April 28, 2021 at 10:38PM"
temperatureF,74.737396,sanaz,"April 28, 2021 at 10:39PM"
temperatureF,75.450203,sanaz,"April 28, 2021 at 10:40PM"
temperatureF,75.331398,sanaz,"April 28, 2021 at 10:41PM"
temperatureF,75.569,sanaz,"April 28, 2021 at 10:42PM"
temperatureF,75.984802,sanaz,"April 28, 2021 at 10:43PM"
temperatureF,74.915596,sanaz,"April 28, 2021 at 10:44PM"
temperatureF,75.9254,sanaz,"April 28, 2021 at 10:45PM"
temperatureF,75.806602,sanaz,"April 28, 2021 at 10:46PM"
temperatureF,73.668198,sanaz,"April 28, 2021 at 10:47PM"
temperatureF,67.787598,sanaz,"April 28, 2021 at 10:48PM"
temperatureF,68.500397,sanaz,"April 28, 2021 at 10:49PM"
temperatureF,68.797401,sanaz,"April 28, 2021 at 10:50PM"
temperatureF,68.975601,sanaz,"April 28, 2021 at 10:51PM"
temperatureF,72.302002,sanaz,"April 28, 2021 at 10:52PM"
temperatureF,69.807198,sanaz,"April 28, 2021 at 10:53PM"
temperatureF,68.441002,sanaz,"April 28, 2021 at 10:54PM"
temperatureF,68.619202,sanaz,"April 28, 2021 at 10:55PM"
temperatureF,69.332001,sanaz,"April 28, 2021 at 10:56PM"
temperatureF,71.470406,sanaz,"April 28, 2021 at 10:57PM"
temperatureF,69.450806,sanaz,"April 28, 2021 at 10:58PM"
temperatureF,74.440399,sanaz,"April 28, 2021 at 10:59PM"
temperatureF,67.965805,sanaz,"April 28, 2021 at 11:00PM"
temperatureF,70.223,sanaz,"April 28, 2021 at 11:01PM"
temperatureF,68.797401,sanaz,"April 28, 2021 at 11:02PM"
temperatureF,68.441002,sanaz,"April 28, 2021 at 11:03PM"
temperatureF,67.134201,sanaz,"April 28, 2021 at 11:04PM"
temperatureF,70.757599,sanaz,"April 28, 2021 at 11:05PM"
temperatureF,70.519997,sanaz,"April 28, 2021 at 11:06PM"
temperatureF,67.134201,sanaz,"April 28, 2021 at 11:07PM"
temperatureF,74.024597,sanaz,"April 28, 2021 at 11:08PM"
temperatureF,69.213196,sanaz,"April 28, 2021 at 11:09PM"
temperatureF,68.559799,sanaz,"April 28, 2021 at 11:10PM"
temperatureF,73.430603,sanaz,"April 28, 2021 at 11:11PM"
temperatureF,67.965805,sanaz,"April 28, 2021 at 11:12PM"
temperatureF,70.876396,sanaz,"April 28, 2021 at 11:13PM"
temperatureF,67.847,sanaz,"April 28, 2021 at 11:14PM"
temperatureF,72.183197,sanaz,"April 28, 2021 at 11:15PM"
temperatureF,66.718399,sanaz,"April 28, 2021 at 11:16PM"
temperatureF,73.014801,sanaz,"April 28, 2021 at 11:17PM"
temperatureF,69.332001,sanaz,"April 28, 2021 at 11:18PM"
temperatureF,68.856804,sanaz,"April 28, 2021 at 11:19PM"
temperatureF,73.193001,sanaz,"April 28, 2021 at 11:20PM"
temperatureF,72.183197,sanaz,"April 28, 2021 at 11:21PM"
temperatureF,73.430603,sanaz,"April 28, 2021 at 11:22PM"
temperatureF,67.609406,sanaz,"April 28, 2021 at 11:23PM"
temperatureF,70.401199,sanaz,"April 28, 2021 at 11:24PM"
temperatureF,69.510201,sanaz,"April 28, 2021 at 11:25PM"
temperatureF,67.490601,sanaz,"April 28, 2021 at 11:26PM"
temperatureF,68.143997,sanaz,"April 28, 2021 at 11:27PM"
temperatureF,68.084595,sanaz,"April 28, 2021 at 11:28PM"
temperatureF,66.1838,sanaz,"April 28, 2021 at 11:29PM"
temperatureF,67.787598,sanaz,"April 28, 2021 at 11:30PM"
temperatureF,67.965805,sanaz,"April 28, 2021 at 11:31PM"
temperatureF,67.252998,sanaz,"April 28, 2021 at 11:32PM"
temperatureF,66.540199,sanaz,"April 28, 2021 at 11:33PM"
temperatureF,68.0252,sanaz,"April 28, 2021 at 11:34PM"
temperatureF,71.173401,sanaz,"April 28, 2021 at 11:35PM"
temperatureF,66.837196,sanaz,"April 28, 2021 at 11:36PM"
temperatureF,69.391403,sanaz,"April 28, 2021 at 11:37PM"
temperatureF,68.678596,sanaz,"April 28, 2021 at 11:38PM"
temperatureF,68.619202,sanaz,"April 28, 2021 at 11:39PM"
temperatureF,72.955399,sanaz,"April 28, 2021 at 11:40PM"
temperatureF,66.302597,sanaz,"April 28, 2021 at 11:41PM"
temperatureF,67.6688,sanaz,"April 28, 2021 at 11:42PM"
temperatureF,70.460594,sanaz,"April 28, 2021 at 11:43PM"
temperatureF,67.074799,sanaz,"April 28, 2021 at 11:44PM"
temperatureF,70.995201,sanaz,"April 28, 2021 at 11:45PM"
temperatureF,70.341805,sanaz,"April 28, 2021 at 11:46PM"
temperatureF,71.411003,sanaz,"April 28, 2021 at 11:47PM"
temperatureF,67.015404,sanaz,"April 28, 2021 at 11:48PM"
temperatureF,67.906403,sanaz,"April 28, 2021 at 11:49PM"
temperatureF,70.341805,sanaz,"April 28, 2021 at 11:50PM"
temperatureF,70.223,sanaz,"April 28, 2021 at 11:51PM"
temperatureF,66.896599,sanaz,"April 28, 2021 at 11:52PM"
temperatureF,69.747803,sanaz,"April 28, 2021 at 11:53PM"
temperatureF,67.490601,sanaz,"April 28, 2021 at 11:54PM"
temperatureF,66.480797,sanaz,"April 28, 2021 at 11:55PM"
temperatureF,66.956001,sanaz,"April 28, 2021 at 11:56PM"
temperatureF,66.124397,sanaz,"April 28, 2021 at 11:57PM"
temperatureF,65.767998,sanaz,"April 28, 2021 at 11:58PM"
temperatureF,67.371803,sanaz,"April 28, 2021 at 11:59PM"
temperatureF,64.936401,sanaz,"April 29, 2021 at 12:00AM"
temperatureF,70.935799,sanaz,"April 29, 2021 at 12:01AM"
temperatureF,66.1838,sanaz,"April 29, 2021 at 12:02AM"
temperatureF,70.104195,sanaz,"April 29, 2021 at 12:03AM"
temperatureF,68.322197,sanaz,"April 29, 2021 at 12:04AM"
temperatureF,69.094398,sanaz,"April 29, 2021 at 12:05AM"
temperatureF,69.807198,sanaz,"April 29, 2021 at 12:06AM"
temperatureF,68.737999,sanaz,"April 29, 2021 at 12:07AM"
temperatureF,73.608803,sanaz,"April 29, 2021 at 12:08AM"
temperatureF,73.133598,sanaz,"April 29, 2021 at 12:09AM"
temperatureF,73.252403,sanaz,"April 29, 2021 at 12:10AM"
temperatureF,74.856194,sanaz,"April 29, 2021 at 12:11AM"
temperatureF,73.668198,sanaz,"April 29, 2021 at 12:12AM"
temperatureF,73.5494,sanaz,"April 29, 2021 at 12:13AM"
temperatureF,73.430603,sanaz,"April 29, 2021 at 12:14AM"
temperatureF,73.371201,sanaz,"April 29, 2021 at 12:15AM"
temperatureF,74.024597,sanaz,"April 29, 2021 at 12:16AM"
temperatureF,73.311798,sanaz,"April 29, 2021 at 12:17AM"
temperatureF,73.133598,sanaz,"April 29, 2021 at 12:18AM"
temperatureF,73.074196,sanaz,"April 29, 2021 at 12:19AM"
temperatureF,73.430603,sanaz,"April 29, 2021 at 12:20AM"
temperatureF,71.232803,sanaz,"April 29, 2021 at 12:21AM"
temperatureF,68.2034,sanaz,"April 29, 2021 at 12:22AM"
temperatureF,71.945602,sanaz,"April 29, 2021 at 12:23AM"
temperatureF,69.332001,sanaz,"April 29, 2021 at 12:24AM"
temperatureF,69.332001,sanaz,"April 29, 2021 at 12:25AM"
temperatureF,69.035004,sanaz,"April 29, 2021 at 12:26AM"
temperatureF,69.272598,sanaz,"April 29, 2021 at 12:27AM"
temperatureF,70.282402,sanaz,"April 29, 2021 at 12:28AM"
temperatureF,71.945602,sanaz,"April 29, 2021 at 12:29AM"
temperatureF,72.598999,sanaz,"April 29, 2021 at 12:30AM"
temperatureF,69.807198,sanaz,"April 29, 2021 at 12:31AM"
temperatureF,70.579399,sanaz,"April 29, 2021 at 12:32AM"
temperatureF,70.401199,sanaz,"April 29, 2021 at 12:33AM"
temperatureF,71.292198,sanaz,"April 29, 2021 at 12:34AM"
temperatureF,74.380997,sanaz,"April 29, 2021 at 12:35AM"
temperatureF,71.470406,sanaz,"April 29, 2021 at 12:36AM"
temperatureF,71.173401,sanaz,"April 29, 2021 at 12:37AM"
temperatureF,72.955399,sanaz,"April 29, 2021 at 12:38AM"
temperatureF,71.8862,sanaz,"April 29, 2021 at 12:39AM"
temperatureF,71.708,sanaz,"April 29, 2021 at 12:40AM"
temperatureF,71.945602,sanaz,"April 29, 2021 at 12:41AM"
temperatureF,69.8666,sanaz,"April 29, 2021 at 12:42AM"
temperatureF,71.945602,sanaz,"April 29, 2021 at 12:43AM"
temperatureF,72.658401,sanaz,"April 29, 2021 at 12:44AM"
temperatureF,72.004997,sanaz,"April 29, 2021 at 12:45AM"
temperatureF,71.054596,sanaz,"April 29, 2021 at 12:46AM"
temperatureF,68.797401,sanaz,"April 29, 2021 at 12:47AM"
temperatureF,68.737999,sanaz,"April 29, 2021 at 12:48AM"
temperatureF,70.341805,sanaz,"April 29, 2021 at 12:49AM"
temperatureF,73.311798,sanaz,"April 29, 2021 at 12:50AM"
temperatureF,70.401199,sanaz,"April 29, 2021 at 12:51AM"
temperatureF,71.292198,sanaz,"April 29, 2021 at 12:52AM"
temperatureF,69.926003,sanaz,"April 29, 2021 at 12:53AM"
temperatureF,71.8862,sanaz,"April 29, 2021 at 12:54AM"
temperatureF,71.292198,sanaz,"April 29, 2021 at 12:55AM"
temperatureF,70.104195,sanaz,"April 29, 2021 at 12:56AM"
temperatureF,69.8666,sanaz,"April 29, 2021 at 12:57AM"
temperatureF,68.084595,sanaz,"April 29, 2021 at 12:58AM"
temperatureF,67.787598,sanaz,"April 29, 2021 at 12:59AM"
temperatureF,70.401199,sanaz,"April 29, 2021 at 01:00AM"
temperatureF,73.7276,sanaz,"April 29, 2021 at 01:01AM"
temperatureF,72.004997,sanaz,"April 29, 2021 at 01:02AM"
temperatureF,70.935799,sanaz,"April 29, 2021 at 01:03AM"
temperatureF,73.311798,sanaz,"April 29, 2021 at 01:04AM"
temperatureF,71.945602,sanaz,"April 29, 2021 at 01:05AM"
temperatureF,69.8666,sanaz,"April 29, 2021 at 01:06AM"
temperatureF,67.371803,sanaz,"April 29, 2021 at 01:07AM"
temperatureF,70.519997,sanaz,"April 29, 2021 at 01:08AM"
temperatureF,71.708,sanaz,"April 29, 2021 at 01:09AM"
temperatureF,71.411003,sanaz,"April 29, 2021 at 01:10AM"
temperatureF,71.589203,sanaz,"April 29, 2021 at 01:11AM"
temperatureF,69.926003,sanaz,"April 29, 2021 at 01:12AM"
temperatureF,68.500397,sanaz,"April 29, 2021 at 01:13AM"
temperatureF,72.539597,sanaz,"April 29, 2021 at 01:14AM"
temperatureF,72.242599,sanaz,"April 29, 2021 at 01:15AM"
temperatureF,71.945602,sanaz,"April 29, 2021 at 01:16AM"
temperatureF,71.054596,sanaz,"April 29, 2021 at 01:17AM"
temperatureF,71.232803,sanaz,"April 29, 2021 at 01:18AM"
temperatureF,70.817001,sanaz,"April 29, 2021 at 01:19AM"
temperatureF,67.906403,sanaz,"April 29, 2021 at 01:20AM"
temperatureF,70.995201,sanaz,"April 29, 2021 at 01:21AM"
temperatureF,73.430603,sanaz,"April 29, 2021 at 01:22AM"
temperatureF,73.133598,sanaz,"April 29, 2021 at 01:23AM"
temperatureF,75.569,sanaz,"April 29, 2021 at 01:24AM"
temperatureF,69.272598,sanaz,"April 29, 2021 at 01:25AM"
temperatureF,75.628403,sanaz,"April 29, 2021 at 01:26AM"
temperatureF,68.143997,sanaz,"April 29, 2021 at 01:27AM"
temperatureF,71.589203,sanaz,"April 29, 2021 at 01:28AM"
temperatureF,71.8862,sanaz,"April 29, 2021 at 01:29AM"
temperatureF,69.213196,sanaz,"April 29, 2021 at 01:30AM"
temperatureF,71.945602,sanaz,"April 29, 2021 at 01:31AM"
temperatureF,75.212601,sanaz,"April 29, 2021 at 01:32AM"
temperatureF,70.0448,sanaz,"April 29, 2021 at 01:33AM"
temperatureF,72.183197,sanaz,"April 29, 2021 at 01:34AM"
temperatureF,71.826805,sanaz,"April 29, 2021 at 01:35AM"
temperatureF,73.133598,sanaz,"April 29, 2021 at 01:36AM"
temperatureF,69.985397,sanaz,"April 29, 2021 at 01:37AM"
temperatureF,72.123802,sanaz,"April 29, 2021 at 01:38AM"
temperatureF,69.985397,sanaz,"April 29, 2021 at 01:39AM"
temperatureF,72.895996,sanaz,"April 29, 2021 at 01:40AM"
temperatureF,72.598999,sanaz,"April 29, 2021 at 01:41AM"
temperatureF,69.213196,sanaz,"April 29, 2021 at 01:42AM"
temperatureF,69.985397,sanaz,"April 29, 2021 at 01:43AM"
temperatureF,68.678596,sanaz,"April 29, 2021 at 01:44AM"
temperatureF,72.598999,sanaz,"April 29, 2021 at 01:45AM"
temperatureF,69.926003,sanaz,"April 29, 2021 at 01:46AM"
temperatureF,69.985397,sanaz,"April 29, 2021 at 01:47AM"
temperatureF,70.104195,sanaz,"April 29, 2021 at 01:48AM"
temperatureF,72.836601,sanaz,"April 29, 2021 at 01:49AM"
temperatureF,69.510201,sanaz,"April 29, 2021 at 01:50AM"
temperatureF,67.074799,sanaz,"April 29, 2021 at 01:51AM"
temperatureF,72.717804,sanaz,"April 29, 2021 at 01:52AM"
temperatureF,72.598999,sanaz,"April 29, 2021 at 01:53AM"
temperatureF,70.0448,sanaz,"April 29, 2021 at 01:54AM"
temperatureF,72.480194,sanaz,"April 29, 2021 at 01:55AM"
temperatureF,69.8666,sanaz,"April 29, 2021 at 01:56AM"
temperatureF,72.717804,sanaz,"April 29, 2021 at 01:57AM"
temperatureF,72.658401,sanaz,"April 29, 2021 at 01:58AM"
temperatureF,72.480194,sanaz,"April 29, 2021 at 01:59AM"
temperatureF,75.628403,sanaz,"April 29, 2021 at 02:00AM"
temperatureF,72.361404,sanaz,"April 29, 2021 at 02:01AM"
temperatureF,72.539597,sanaz,"April 29, 2021 at 02:02AM"
temperatureF,71.945602,sanaz,"April 29, 2021 at 02:03AM"
temperatureF,75.212601,sanaz,"April 29, 2021 at 02:04AM"
temperatureF,69.8666,sanaz,"April 29, 2021 at 02:05AM"
temperatureF,70.995201,sanaz,"April 29, 2021 at 02:06AM"
temperatureF,69.510201,sanaz,"April 29, 2021 at 02:07AM"
temperatureF,71.351601,sanaz,"April 29, 2021 at 02:08AM"
temperatureF,69.569603,sanaz,"April 29, 2021 at 02:09AM"
temperatureF,69.569603,sanaz,"April 29, 2021 at 02:10AM"
temperatureF,75.3908,sanaz,"April 29, 2021 at 02:11AM"
temperatureF,70.341805,sanaz,"April 29, 2021 at 02:12AM"
temperatureF,71.767403,sanaz,"April 29, 2021 at 02:13AM"
temperatureF,69.985397,sanaz,"April 29, 2021 at 02:14AM"
temperatureF,72.361404,sanaz,"April 29, 2021 at 02:15AM"
temperatureF,72.242599,sanaz,"April 29, 2021 at 02:16AM"
temperatureF,72.717804,sanaz,"April 29, 2021 at 02:17AM"
temperatureF,69.510201,sanaz,"April 29, 2021 at 02:18AM"
temperatureF,72.183197,sanaz,"April 29, 2021 at 02:19AM"
temperatureF,68.797401,sanaz,"April 29, 2021 at 02:20AM"
temperatureF,70.163597,sanaz,"April 29, 2021 at 02:21AM"
temperatureF,69.926003,sanaz,"April 29, 2021 at 02:22AM"
temperatureF,73.846405,sanaz,"April 29, 2021 at 02:23AM"
temperatureF,73.133598,sanaz,"April 29, 2021 at 02:24AM"
temperatureF,71.292198,sanaz,"April 29, 2021 at 02:25AM"
temperatureF,71.351601,sanaz,"April 29, 2021 at 02:26AM"
temperatureF,73.252403,sanaz,"April 29, 2021 at 02:27AM"
temperatureF,75.212601,sanaz,"April 29, 2021 at 02:28AM"
temperatureF,75.3908,sanaz,"April 29, 2021 at 02:29AM"
temperatureF,69.926003,sanaz,"April 29, 2021 at 02:30AM"
temperatureF,70.0448,sanaz,"April 29, 2021 at 02:31AM"
temperatureF,72.242599,sanaz,"April 29, 2021 at 02:32AM"
temperatureF,73.371201,sanaz,"April 29, 2021 at 02:33AM"
temperatureF,69.272598,sanaz,"April 29, 2021 at 02:34AM"
temperatureF,72.302002,sanaz,"April 29, 2021 at 02:35AM"
temperatureF,74.915596,sanaz,"April 29, 2021 at 02:36AM"
temperatureF,74.618599,sanaz,"April 29, 2021 at 02:37AM"
temperatureF,70.163597,sanaz,"April 29, 2021 at 02:38AM"
temperatureF,70.282402,sanaz,"April 29, 2021 at 02:39AM"
temperatureF,71.292198,sanaz,"April 29, 2021 at 02:40AM"
temperatureF,72.539597,sanaz,"April 29, 2021 at 02:41AM"
temperatureF,72.123802,sanaz,"April 29, 2021 at 02:42AM"
temperatureF,74.084,sanaz,"April 29, 2021 at 02:43AM"
temperatureF,73.252403,sanaz,"April 29, 2021 at 02:44AM"
temperatureF,74.143402,sanaz,"April 29, 2021 at 02:45AM"
temperatureF,73.489998,sanaz,"April 29, 2021 at 02:46AM"
temperatureF,73.7276,sanaz,"April 29, 2021 at 02:47AM"
temperatureF,70.876396,sanaz,"April 29, 2021 at 02:48AM"
temperatureF,69.510201,sanaz,"April 29, 2021 at 02:49AM"
temperatureF,72.183197,sanaz,"April 29, 2021 at 02:50AM"
temperatureF,69.926003,sanaz,"April 29, 2021 at 02:51AM"
temperatureF,72.658401,sanaz,"April 29, 2021 at 02:52AM"
temperatureF,69.985397,sanaz,"April 29, 2021 at 02:53AM"
temperatureF,71.173401,sanaz,"April 29, 2021 at 02:54AM"
temperatureF,73.252403,sanaz,"April 29, 2021 at 02:55AM"
temperatureF,70.519997,sanaz,"April 29, 2021 at 02:56AM"
temperatureF,70.519997,sanaz,"April 29, 2021 at 02:57AM"
temperatureF,71.232803,sanaz,"April 29, 2021 at 02:58AM"
temperatureF,73.371201,sanaz,"April 29, 2021 at 02:59AM"
temperatureF,73.787003,sanaz,"April 29, 2021 at 03:00AM"
temperatureF,71.589203,sanaz,"April 29, 2021 at 03:01AM"
temperatureF,69.926003,sanaz,"April 29, 2021 at 03:02AM"
temperatureF,69.926003,sanaz,"April 29, 2021 at 03:03AM"
temperatureF,72.836601,sanaz,"April 29, 2021 at 03:04AM"
temperatureF,73.193001,sanaz,"April 29, 2021 at 03:05AM"
temperatureF,72.420799,sanaz,"April 29, 2021 at 03:06AM"
temperatureF,69.985397,sanaz,"April 29, 2021 at 03:07AM"
temperatureF,73.014801,sanaz,"April 29, 2021 at 03:08AM"
temperatureF,70.104195,sanaz,"April 29, 2021 at 03:09AM"
temperatureF,76.400597,sanaz,"April 29, 2021 at 03:10AM"
temperatureF,75.331398,sanaz,"April 29, 2021 at 03:11AM"
temperatureF,75.3908,sanaz,"April 29, 2021 at 03:12AM"
temperatureF,75.093803,sanaz,"April 29, 2021 at 03:13AM"
temperatureF,75.7472,sanaz,"April 29, 2021 at 03:14AM"
temperatureF,75.806602,sanaz,"April 29, 2021 at 03:15AM"
temperatureF,75.212601,sanaz,"April 29, 2021 at 03:16AM"
temperatureF,75.331398,sanaz,"April 29, 2021 at 03:17AM"
temperatureF,74.856194,sanaz,"April 29, 2021 at 03:18AM"
temperatureF,75.628403,sanaz,"April 29, 2021 at 03:19AM"
temperatureF,75.687805,sanaz,"April 29, 2021 at 03:20AM"
temperatureF,75.034401,sanaz,"April 29, 2021 at 03:21AM"
temperatureF,75.450203,sanaz,"April 29, 2021 at 03:22AM"
temperatureF,75.272003,sanaz,"April 29, 2021 at 03:23AM"
temperatureF,75.7472,sanaz,"April 29, 2021 at 03:24AM"
temperatureF,75.450203,sanaz,"April 29, 2021 at 03:25AM"
temperatureF,75.3908,sanaz,"April 29, 2021 at 03:26AM"
temperatureF,75.3908,sanaz,"April 29, 2021 at 03:27AM"
temperatureF,75.7472,sanaz,"April 29, 2021 at 03:28AM"
temperatureF,75.212601,sanaz,"April 29, 2021 at 03:29AM"
temperatureF,75.450203,sanaz,"April 29, 2021 at 03:30AM"
temperatureF,75.7472,sanaz,"April 29, 2021 at 03:31AM"
temperatureF,75.212601,sanaz,"April 29, 2021 at 03:32AM"
temperatureF,75.153198,sanaz,"April 29, 2021 at 03:33AM"
temperatureF,74.678001,sanaz,"April 29, 2021 at 03:34AM"
temperatureF,73.668198,sanaz,"April 29, 2021 at 03:35AM"
temperatureF,75.509598,sanaz,"April 29, 2021 at 03:36AM"
temperatureF,73.074196,sanaz,"April 29, 2021 at 03:37AM"
temperatureF,70.163597,sanaz,"April 29, 2021 at 03:38AM"
temperatureF,73.371201,sanaz,"April 29, 2021 at 03:39AM"
temperatureF,72.0644,sanaz,"April 29, 2021 at 03:40AM"
temperatureF,70.460594,sanaz,"April 29, 2021 at 03:41AM"
temperatureF,72.658401,sanaz,"April 29, 2021 at 03:42AM"
temperatureF,69.153801,sanaz,"April 29, 2021 at 03:43AM"
temperatureF,68.856804,sanaz,"April 29, 2021 at 03:44AM"
temperatureF,71.8862,sanaz,"April 29, 2021 at 03:45AM"
temperatureF,69.035004,sanaz,"April 29, 2021 at 03:46AM"
temperatureF,69.213196,sanaz,"April 29, 2021 at 03:47AM"
temperatureF,68.262802,sanaz,"April 29, 2021 at 03:48AM"
temperatureF,73.074196,sanaz,"April 29, 2021 at 03:49AM"
temperatureF,70.341805,sanaz,"April 29, 2021 at 03:50AM"
temperatureF,72.598999,sanaz,"April 29, 2021 at 03:51AM"
temperatureF,72.004997,sanaz,"April 29, 2021 at 03:52AM"
temperatureF,74.678001,sanaz,"April 29, 2021 at 03:53AM"
temperatureF,74.084,sanaz,"April 29, 2021 at 03:54AM"
temperatureF,69.272598,sanaz,"April 29, 2021 at 03:55AM"
temperatureF,72.777199,sanaz,"April 29, 2021 at 03:56AM"
temperatureF,69.926003,sanaz,"April 29, 2021 at 03:57AM"
temperatureF,70.104195,sanaz,"April 29, 2021 at 03:58AM"
temperatureF,73.193001,sanaz,"April 29, 2021 at 03:59AM"
temperatureF,69.926003,sanaz,"April 29, 2021 at 04:00AM"
temperatureF,70.935799,sanaz,"April 29, 2021 at 04:01AM"
temperatureF,70.104195,sanaz,"April 29, 2021 at 04:02AM"
temperatureF,70.0448,sanaz,"April 29, 2021 at 04:03AM"
temperatureF,73.430603,sanaz,"April 29, 2021 at 04:04AM"
temperatureF,72.123802,sanaz,"April 29, 2021 at 04:05AM"
temperatureF,70.460594,sanaz,"April 29, 2021 at 04:06AM"
temperatureF,71.470406,sanaz,"April 29, 2021 at 04:07AM"
temperatureF,72.836601,sanaz,"April 29, 2021 at 04:08AM"
temperatureF,72.658401,sanaz,"April 29, 2021 at 04:09AM"
temperatureF,72.895996,sanaz,"April 29, 2021 at 04:10AM"
temperatureF,72.836601,sanaz,"April 29, 2021 at 04:11AM"
temperatureF,73.193001,sanaz,"April 29, 2021 at 04:12AM"
temperatureF,70.876396,sanaz,"April 29, 2021 at 04:13AM"
temperatureF,72.598999,sanaz,"April 29, 2021 at 04:14AM"
temperatureF,69.8666,sanaz,"April 29, 2021 at 04:15AM"
temperatureF,72.183197,sanaz,"April 29, 2021 at 04:16AM"
temperatureF,69.985397,sanaz,"April 29, 2021 at 04:17AM"
temperatureF,72.717804,sanaz,"April 29, 2021 at 04:18AM"
temperatureF,69.450806,sanaz,"April 29, 2021 at 04:19AM"
temperatureF,71.708,sanaz,"April 29, 2021 at 04:20AM"
temperatureF,70.579399,sanaz,"April 29, 2021 at 04:21AM"
temperatureF,72.598999,sanaz,"April 29, 2021 at 04:22AM"
temperatureF,68.916199,sanaz,"April 29, 2021 at 04:23AM"
temperatureF,69.569603,sanaz,"April 29, 2021 at 04:24AM"
temperatureF,73.5494,sanaz,"April 29, 2021 at 04:25AM"
temperatureF,71.826805,sanaz,"April 29, 2021 at 04:26AM"
temperatureF,70.0448,sanaz,"April 29, 2021 at 04:27AM"
temperatureF,69.391403,sanaz,"April 29, 2021 at 04:28AM"
temperatureF,74.024597,sanaz,"April 29, 2021 at 04:29AM"
temperatureF,69.272598,sanaz,"April 29, 2021 at 04:30AM"
temperatureF,74.440399,sanaz,"April 29, 2021 at 04:31AM"
temperatureF,69.510201,sanaz,"April 29, 2021 at 04:32AM"
temperatureF,71.648598,sanaz,"April 29, 2021 at 04:33AM"
temperatureF,70.0448,sanaz,"April 29, 2021 at 04:34AM"
temperatureF,69.985397,sanaz,"April 29, 2021 at 04:35AM"
temperatureF,73.9058,sanaz,"April 29, 2021 at 04:36AM"
temperatureF,73.133598,sanaz,"April 29, 2021 at 04:37AM"
temperatureF,70.757599,sanaz,"April 29, 2021 at 04:38AM"
temperatureF,72.717804,sanaz,"April 29, 2021 at 04:39AM"
temperatureF,72.717804,sanaz,"April 29, 2021 at 04:40AM"
temperatureF,74.024597,sanaz,"April 29, 2021 at 04:41AM"
temperatureF,69.569603,sanaz,"April 29, 2021 at 04:42AM"
temperatureF,73.014801,sanaz,"April 29, 2021 at 04:43AM"
temperatureF,69.450806,sanaz,"April 29, 2021 at 04:44AM"
temperatureF,71.173401,sanaz,"April 29, 2021 at 04:45AM"
temperatureF,72.717804,sanaz,"April 29, 2021 at 04:46AM"
temperatureF,73.9058,sanaz,"April 29, 2021 at 04:47AM"
temperatureF,73.133598,sanaz,"April 29, 2021 at 04:48AM"
temperatureF,73.846405,sanaz,"April 29, 2021 at 04:49AM"
temperatureF,73.668198,sanaz,"April 29, 2021 at 04:50AM"
temperatureF,72.658401,sanaz,"April 29, 2021 at 04:51AM"
temperatureF,74.321602,sanaz,"April 29, 2021 at 04:52AM"
temperatureF,69.747803,sanaz,"April 29, 2021 at 04:53AM"
temperatureF,72.183197,sanaz,"April 29, 2021 at 04:54AM"
temperatureF,72.480194,sanaz,"April 29, 2021 at 04:55AM"
temperatureF,73.074196,sanaz,"April 29, 2021 at 04:56AM"
temperatureF,74.202805,sanaz,"April 29, 2021 at 04:57AM"
temperatureF,69.985397,sanaz,"April 29, 2021 at 04:58AM"
temperatureF,72.361404,sanaz,"April 29, 2021 at 04:59AM"
temperatureF,72.955399,sanaz,"April 29, 2021 at 05:00AM"
temperatureF,72.420799,sanaz,"April 29, 2021 at 05:01AM"
temperatureF,72.895996,sanaz,"April 29, 2021 at 05:02AM"
temperatureF,72.598999,sanaz,"April 29, 2021 at 05:03AM"
temperatureF,68.559799,sanaz,"April 29, 2021 at 05:04AM"
temperatureF,71.351601,sanaz,"April 29, 2021 at 05:05AM"
temperatureF,69.391403,sanaz,"April 29, 2021 at 05:06AM"
temperatureF,68.322197,sanaz,"April 29, 2021 at 05:07AM"
temperatureF,72.183197,sanaz,"April 29, 2021 at 05:08AM"
temperatureF,74.143402,sanaz,"April 29, 2021 at 05:09AM"
temperatureF,69.6884,sanaz,"April 29, 2021 at 05:10AM"
temperatureF,72.480194,sanaz,"April 29, 2021 at 05:11AM"
temperatureF,72.895996,sanaz,"April 29, 2021 at 05:12AM"
temperatureF,73.074196,sanaz,"April 29, 2021 at 05:13AM"
temperatureF,69.8666,sanaz,"April 29, 2021 at 05:14AM"
temperatureF,74.143402,sanaz,"April 29, 2021 at 05:15AM"
temperatureF,74.440399,sanaz,"April 29, 2021 at 05:16AM"
temperatureF,69.8666,sanaz,"April 29, 2021 at 05:17AM"
temperatureF,74.262199,sanaz,"April 29, 2021 at 05:18AM"
temperatureF,72.123802,sanaz,"April 29, 2021 at 05:19AM"
temperatureF,74.796799,sanaz,"April 29, 2021 at 05:20AM"
temperatureF,72.658401,sanaz,"April 29, 2021 at 05:21AM"
temperatureF,72.004997,sanaz,"April 29, 2021 at 05:22AM"
temperatureF,69.569603,sanaz,"April 29, 2021 at 05:23AM"
temperatureF,70.995201,sanaz,"April 29, 2021 at 05:24AM"
temperatureF,73.430603,sanaz,"April 29, 2021 at 05:25AM"
temperatureF,72.123802,sanaz,"April 29, 2021 at 05:26AM"
temperatureF,74.380997,sanaz,"April 29, 2021 at 05:27AM"
temperatureF,72.361404,sanaz,"April 29, 2021 at 05:28AM"
temperatureF,69.272598,sanaz,"April 29, 2021 at 05:29AM"
temperatureF,69.391403,sanaz,"April 29, 2021 at 05:30AM"
temperatureF,69.094398,sanaz,"April 29, 2021 at 05:31AM"
temperatureF,70.163597,sanaz,"April 29, 2021 at 05:32AM"
temperatureF,69.8666,sanaz,"April 29, 2021 at 05:33AM"
temperatureF,73.371201,sanaz,"April 29, 2021 at 05:34AM"
temperatureF,72.895996,sanaz,"April 29, 2021 at 05:35AM"
temperatureF,74.380997,sanaz,"April 29, 2021 at 05:36AM"
temperatureF,70.638802,sanaz,"April 29, 2021 at 05:37AM"
temperatureF,69.450806,sanaz,"April 29, 2021 at 05:38AM"
temperatureF,72.836601,sanaz,"April 29, 2021 at 05:39AM"
temperatureF,73.074196,sanaz,"April 29, 2021 at 05:40AM"
temperatureF,72.539597,sanaz,"April 29, 2021 at 05:41AM"
temperatureF,73.074196,sanaz,"April 29, 2021 at 05:42AM"
temperatureF,72.183197,sanaz,"April 29, 2021 at 05:43AM"
temperatureF,73.014801,sanaz,"April 29, 2021 at 05:44AM"
temperatureF,74.380997,sanaz,"April 29, 2021 at 05:45AM"
temperatureF,72.302002,sanaz,"April 29, 2021 at 05:46AM"
temperatureF,68.678596,sanaz,"April 29, 2021 at 05:47AM"
temperatureF,69.926003,sanaz,"April 29, 2021 at 05:48AM"
temperatureF,73.608803,sanaz,"April 29, 2021 at 06:59AM"
temperatureF,70.935799,sanaz,"April 29, 2021 at 07:00AM"
temperatureF,73.430603,sanaz,"April 29, 2021 at 07:01AM"
temperatureF,74.678001,sanaz,"April 29, 2021 at 07:02AM"
temperatureF,72.242599,sanaz,"April 29, 2021 at 07:03AM"
temperatureF,69.8666,sanaz,"April 29, 2021 at 07:04AM"
temperatureF,70.0448,sanaz,"April 29, 2021 at 07:05AM"
temperatureF,70.995201,sanaz,"April 29, 2021 at 07:06AM"
temperatureF,72.123802,sanaz,"April 29, 2021 at 07:07AM"
temperatureF,70.401199,sanaz,"April 29, 2021 at 07:08AM"
temperatureF,72.955399,sanaz,"April 29, 2021 at 07:09AM"
temperatureF,72.242599,sanaz,"April 29, 2021 at 07:10AM"
temperatureF,70.0448,sanaz,"April 29, 2021 at 07:11AM"
temperatureF,72.361404,sanaz,"April 29, 2021 at 07:12AM"
temperatureF,70.579399,sanaz,"April 29, 2021 at 07:59AM"
temperatureF,73.371201,sanaz,"April 29, 2021 at 08:00AM"
temperatureF,72.895996,sanaz,"April 29, 2021 at 08:01AM"
temperatureF,73.489998,sanaz,"April 29, 2021 at 08:02AM"
temperatureF,73.787003,sanaz,"April 29, 2021 at 08:03AM"
temperatureF,69.747803,sanaz,"April 29, 2021 at 08:04AM"
temperatureF,68.619202,sanaz,"April 29, 2021 at 08:05AM"
temperatureF,73.430603,sanaz,"April 29, 2021 at 08:06AM"
temperatureF,71.411003,sanaz,"April 29, 2021 at 08:07AM"
temperatureF,72.777199,sanaz,"April 29, 2021 at 08:08AM"
temperatureF,71.826805,sanaz,"April 29, 2021 at 08:09AM"
temperatureF,72.658401,sanaz,"April 29, 2021 at 08:10AM"
temperatureF,74.380997,sanaz,"April 29, 2021 at 08:11AM"
temperatureF,69.272598,sanaz,"April 29, 2021 at 08:12AM"
temperatureF,72.361404,sanaz,"April 29, 2021 at 08:13AM"
temperatureF,69.391403,sanaz,"April 29, 2021 at 08:14AM"
temperatureF,70.698196,sanaz,"April 29, 2021 at 08:15AM"
temperatureF,74.796799,sanaz,"April 29, 2021 at 08:16AM"
temperatureF,73.787003,sanaz,"April 29, 2021 at 08:17AM"
temperatureF,73.311798,sanaz,"April 29, 2021 at 08:18AM"
temperatureF,74.559196,sanaz,"April 29, 2021 at 08:19AM"
temperatureF,69.807198,sanaz,"April 29, 2021 at 08:20AM"
temperatureF,68.975601,sanaz,"April 29, 2021 at 08:21AM"
temperatureF,74.737396,sanaz,"April 29, 2021 at 08:22AM"
temperatureF,74.321602,sanaz,"April 29, 2021 at 08:23AM"
temperatureF,69.391403,sanaz,"April 29, 2021 at 08:24AM"
temperatureF,72.836601,sanaz,"April 29, 2021 at 08:25AM"
temperatureF,72.539597,sanaz,"April 29, 2021 at 08:26AM"
temperatureF,72.539597,sanaz,"April 29, 2021 at 08:27AM"
temperatureF,72.539597,sanaz,"April 29, 2021 at 08:28AM"
temperatureF,72.777199,sanaz,"April 29, 2021 at 08:29AM"
temperatureF,72.302002,sanaz,"April 29, 2021 at 08:30AM"
temperatureF,73.5494,sanaz,"April 29, 2021 at 08:31AM"
temperatureF,68.737999,sanaz,"April 29, 2021 at 08:32AM"
temperatureF,71.470406,sanaz,"April 29, 2021 at 08:33AM"
temperatureF,69.569603,sanaz,"April 29, 2021 at 08:34AM"
temperatureF,73.371201,sanaz,"April 29, 2021 at 08:35AM"
temperatureF,68.975601,sanaz,"April 29, 2021 at 08:36AM"
temperatureF,69.807198,sanaz,"April 29, 2021 at 08:37AM"
temperatureF,69.035004,sanaz,"April 29, 2021 at 08:38AM"
temperatureF,72.539597,sanaz,"April 29, 2021 at 08:39AM"
temperatureF,72.361404,sanaz,"April 29, 2021 at 08:40AM"
temperatureF,68.559799,sanaz,"April 29, 2021 at 08:41AM"
temperatureF,71.8862,sanaz,"April 29, 2021 at 08:42AM"
temperatureF,68.916199,sanaz,"April 29, 2021 at 08:43AM"
temperatureF,71.826805,sanaz,"April 29, 2021 at 08:44AM"
temperatureF,72.242599,sanaz,"April 29, 2021 at 08:45AM"
temperatureF,70.341805,sanaz,"April 29, 2021 at 08:46AM"
temperatureF,72.183197,sanaz,"April 29, 2021 at 08:47AM"
temperatureF,68.856804,sanaz,"April 29, 2021 at 08:48AM"
temperatureF,74.559196,sanaz,"April 29, 2021 at 08:49AM"
temperatureF,73.787003,sanaz,"April 29, 2021 at 08:50AM"
temperatureF,73.9058,sanaz,"April 29, 2021 at 08:51AM"
temperatureF,73.5494,sanaz,"April 29, 2021 at 08:52AM"
temperatureF,69.332001,sanaz,"April 29, 2021 at 08:53AM"
temperatureF,72.361404,sanaz,"April 29, 2021 at 08:54AM"
temperatureF,72.420799,sanaz,"April 29, 2021 at 08:55AM"
temperatureF,73.371201,sanaz,"April 29, 2021 at 08:56AM"
temperatureF,72.895996,sanaz,"April 29, 2021 at 08:57AM"
temperatureF,69.747803,sanaz,"April 29, 2021 at 08:58AM"
temperatureF,70.163597,sanaz,"April 29, 2021 at 08:59AM"
temperatureF,74.440399,sanaz,"April 29, 2021 at 09:00AM"
temperatureF,69.153801,sanaz,"April 29, 2021 at 09:01AM"
temperatureF,71.470406,sanaz,"April 29, 2021 at 09:02AM"
temperatureF,74.262199,sanaz,"April 29, 2021 at 09:03AM"
temperatureF,72.420799,sanaz,"April 29, 2021 at 09:04AM"
temperatureF,69.628998,sanaz,"April 29, 2021 at 09:05AM"
temperatureF,68.856804,sanaz,"April 29, 2021 at 09:06AM"
temperatureF,71.8862,sanaz,"April 29, 2021 at 09:07AM"
temperatureF,69.153801,sanaz,"April 29, 2021 at 09:08AM"
temperatureF,72.895996,sanaz,"April 29, 2021 at 09:09AM"
temperatureF,70.995201,sanaz,"April 29, 2021 at 09:10AM"
temperatureF,74.380997,sanaz,"April 29, 2021 at 09:11AM"
temperatureF,73.846405,sanaz,"April 29, 2021 at 09:12AM"
temperatureF,73.9058,sanaz,"April 29, 2021 at 09:13AM"
temperatureF,74.559196,sanaz,"April 29, 2021 at 09:14AM"
temperatureF,74.796799,sanaz,"April 29, 2021 at 09:15AM"
temperatureF,73.608803,sanaz,"April 29, 2021 at 09:16AM"
temperatureF,73.965195,sanaz,"April 29, 2021 at 09:17AM"
temperatureF,74.143402,sanaz,"April 29, 2021 at 09:18AM"
temperatureF,74.202805,sanaz,"April 29, 2021 at 09:19AM"
temperatureF,73.965195,sanaz,"April 29, 2021 at 09:20AM"
temperatureF,73.965195,sanaz,"April 29, 2021 at 09:21AM"
temperatureF,74.380997,sanaz,"April 29, 2021 at 09:22AM"
temperatureF,74.440399,sanaz,"April 29, 2021 at 09:23AM"
temperatureF,74.796799,sanaz,"April 29, 2021 at 09:24AM"
temperatureF,74.678001,sanaz,"April 29, 2021 at 09:25AM"
temperatureF,73.668198,sanaz,"April 29, 2021 at 09:26AM"
temperatureF,74.737396,sanaz,"April 29, 2021 at 09:27AM"
temperatureF,73.489998,sanaz,"April 29, 2021 at 09:28AM"
temperatureF,74.321602,sanaz,"April 29, 2021 at 09:29AM"
temperatureF,73.787003,sanaz,"April 29, 2021 at 09:30AM"
temperatureF,73.787003,sanaz,"April 29, 2021 at 09:31AM"
temperatureF,73.965195,sanaz,"April 29, 2021 at 09:32AM"
temperatureF,73.430603,sanaz,"April 29, 2021 at 09:33AM"
temperatureF,74.024597,sanaz,"April 29, 2021 at 09:34AM"
temperatureF,73.5494,sanaz,"April 29, 2021 at 09:35AM"
temperatureF,74.262199,sanaz,"April 29, 2021 at 09:36AM"
temperatureF,74.143402,sanaz,"April 29, 2021 at 09:37AM"
temperatureF,73.668198,sanaz,"April 29, 2021 at 09:38AM"
temperatureF,73.193001,sanaz,"April 29, 2021 at 09:39AM"
temperatureF,73.965195,sanaz,"April 29, 2021 at 09:40AM"
temperatureF,74.143402,sanaz,"April 29, 2021 at 09:41AM"
temperatureF,74.202805,sanaz,"April 29, 2021 at 09:42AM"
temperatureF,73.133598,sanaz,"April 29, 2021 at 09:43AM"
temperatureF,73.193001,sanaz,"April 29, 2021 at 09:44AM"
temperatureF,74.262199,sanaz,"April 29, 2021 at 09:45AM"
temperatureF,74.202805,sanaz,"April 29, 2021 at 09:46AM"
temperatureF,73.787003,sanaz,"April 29, 2021 at 09:47AM"
temperatureF,74.440399,sanaz,"April 29, 2021 at 09:48AM"
temperatureF,68.143997,sanaz,"April 29, 2021 at 09:59AM"
temperatureF,67.906403,sanaz,"April 29, 2021 at 10:00AM"
temperatureF,68.381599,sanaz,"April 29, 2021 at 10:01AM"
temperatureF,69.510201,sanaz,"April 29, 2021 at 10:02AM"
temperatureF,74.024597,sanaz,"April 29, 2021 at 10:03AM"
temperatureF,71.826805,sanaz,"April 29, 2021 at 10:04AM"
temperatureF,67.252998,sanaz,"April 29, 2021 at 10:05AM"
temperatureF,70.519997,sanaz,"April 29, 2021 at 10:06AM"
temperatureF,69.153801,sanaz,"April 29, 2021 at 10:07AM"
temperatureF,66.658997,sanaz,"April 29, 2021 at 10:08AM"
temperatureF,66.599602,sanaz,"April 29, 2021 at 10:09AM"
temperatureF,74.915596,sanaz,"April 29, 2021 at 10:10AM"
temperatureF,71.8862,sanaz,"April 29, 2021 at 10:11AM"
temperatureF,73.371201,sanaz,"April 29, 2021 at 10:12AM"
temperatureF,73.5494,sanaz,"April 29, 2021 at 10:13AM"
temperatureF,75.153198,sanaz,"April 29, 2021 at 10:14AM"
temperatureF,73.133598,sanaz,"April 29, 2021 at 10:15AM"
temperatureF,73.133598,sanaz,"April 29, 2021 at 10:16AM"
temperatureF,73.787003,sanaz,"April 29, 2021 at 10:17AM"
temperatureF,74.143402,sanaz,"April 29, 2021 at 10:18AM"
temperatureF,74.440399,sanaz,"April 29, 2021 at 10:19AM"
temperatureF,75.509598,sanaz,"April 29, 2021 at 10:20AM"
temperatureF,73.668198,sanaz,"April 29, 2021 at 10:21AM"
temperatureF,73.371201,sanaz,"April 29, 2021 at 10:22AM"
temperatureF,74.024597,sanaz,"April 29, 2021 at 10:23AM"
temperatureF,72.717804,sanaz,"April 29, 2021 at 10:24AM"
temperatureF,73.787003,sanaz,"April 29, 2021 at 10:25AM"
temperatureF,74.856194,sanaz,"April 29, 2021 at 10:26AM"
temperatureF,75.034401,sanaz,"April 29, 2021 at 10:27AM"
temperatureF,74.559196,sanaz,"April 29, 2021 at 10:28AM"
temperatureF,74.321602,sanaz,"April 29, 2021 at 10:29AM"
temperatureF,74.618599,sanaz,"April 29, 2021 at 10:30AM"
temperatureF,74.559196,sanaz,"April 29, 2021 at 10:31AM"
temperatureF,73.489998,sanaz,"April 29, 2021 at 10:32AM"
temperatureF,72.539597,sanaz,"April 29, 2021 at 10:33AM"
temperatureF,73.7276,sanaz,"April 29, 2021 at 10:34AM"
temperatureF,74.915596,sanaz,"April 29, 2021 at 10:35AM"
temperatureF,74.440399,sanaz,"April 29, 2021 at 10:36AM"
temperatureF,74.737396,sanaz,"April 29, 2021 at 10:37AM"
temperatureF,74.321602,sanaz,"April 29, 2021 at 10:38AM"
temperatureF,74.321602,sanaz,"April 29, 2021 at 10:39AM"
temperatureF,74.499802,sanaz,"April 29, 2021 at 10:40AM"
temperatureF,74.737396,sanaz,"April 29, 2021 at 10:41AM"
temperatureF,74.974998,sanaz,"April 29, 2021 at 10:42AM"
temperatureF,74.974998,sanaz,"April 29, 2021 at 10:43AM"
temperatureF,73.608803,sanaz,"April 29, 2021 at 10:44AM"
temperatureF,73.787003,sanaz,"April 29, 2021 at 10:45AM"
temperatureF,74.024597,sanaz,"April 29, 2021 at 10:46AM"
temperatureF,73.252403,sanaz,"April 29, 2021 at 10:47AM"
temperatureF,74.024597,sanaz,"April 29, 2021 at 10:48AM"
temperatureF,73.846405,sanaz,"April 29, 2021 at 10:49AM"
temperatureF,73.668198,sanaz,"April 29, 2021 at 10:50AM"
temperatureF,74.321602,sanaz,"April 29, 2021 at 10:51AM"
temperatureF,74.618599,sanaz,"April 29, 2021 at 10:52AM"
temperatureF,73.5494,sanaz,"April 29, 2021 at 10:53AM"
temperatureF,74.618599,sanaz,"April 29, 2021 at 10:54AM"
temperatureF,75.093803,sanaz,"April 29, 2021 at 10:55AM"
temperatureF,74.143402,sanaz,"April 29, 2021 at 10:56AM"
temperatureF,74.678001,sanaz,"April 29, 2021 at 10:57AM"
temperatureF,73.133598,sanaz,"April 29, 2021 at 10:58AM"
temperatureF,74.856194,sanaz,"April 29, 2021 at 10:59AM"
temperatureF,73.965195,sanaz,"April 29, 2021 at 11:00AM"
temperatureF,73.9058,sanaz,"April 29, 2021 at 11:01AM"
temperatureF,74.202805,sanaz,"April 29, 2021 at 11:02AM"
temperatureF,74.321602,sanaz,"April 29, 2021 at 11:03AM"
temperatureF,74.321602,sanaz,"April 29, 2021 at 11:04AM"
temperatureF,74.262199,sanaz,"April 29, 2021 at 11:05AM"
temperatureF,74.678001,sanaz,"April 29, 2021 at 11:06AM"
temperatureF,74.262199,sanaz,"April 29, 2021 at 11:07AM"
temperatureF,74.737396,sanaz,"April 29, 2021 at 11:08AM"
temperatureF,75.331398,sanaz,"April 29, 2021 at 11:09AM"
temperatureF,75.093803,sanaz,"April 29, 2021 at 11:10AM"
temperatureF,74.559196,sanaz,"April 29, 2021 at 11:11AM"
temperatureF,74.380997,sanaz,"April 29, 2021 at 11:12AM"
temperatureF,74.321602,sanaz,"April 29, 2021 at 11:13AM"
temperatureF,74.737396,sanaz,"April 29, 2021 at 11:14AM"
temperatureF,74.915596,sanaz,"April 29, 2021 at 11:15AM"
temperatureF,74.678001,sanaz,"April 29, 2021 at 11:16AM"
temperatureF,74.856194,sanaz,"April 29, 2021 at 11:17AM"
temperatureF,74.143402,sanaz,"April 29, 2021 at 11:18AM"
temperatureF,74.856194,sanaz,"April 29, 2021 at 11:19AM"
temperatureF,74.856194,sanaz,"April 29, 2021 at 11:20AM"
temperatureF,74.440399,sanaz,"April 29, 2021 at 11:21AM"
temperatureF,74.796799,sanaz,"April 29, 2021 at 11:22AM"
temperatureF,74.796799,sanaz,"April 29, 2021 at 11:23AM"
temperatureF,74.559196,sanaz,"April 29, 2021 at 11:24AM"
temperatureF,74.440399,sanaz,"April 29, 2021 at 11:25AM"
temperatureF,75.3908,sanaz,"April 29, 2021 at 11:26AM"
temperatureF,75.153198,sanaz,"April 29, 2021 at 11:27AM"
temperatureF,75.331398,sanaz,"April 29, 2021 at 11:28AM"
temperatureF,74.737396,sanaz,"April 29, 2021 at 11:29AM"
temperatureF,74.678001,sanaz,"April 29, 2021 at 11:30AM"
temperatureF,75.272003,sanaz,"April 29, 2021 at 11:31AM"
temperatureF,74.737396,sanaz,"April 29, 2021 at 11:32AM"
temperatureF,74.856194,sanaz,"April 29, 2021 at 11:33AM"
temperatureF,74.618599,sanaz,"April 29, 2021 at 11:34AM"
temperatureF,75.7472,sanaz,"April 29, 2021 at 11:35AM"
temperatureF,74.499802,sanaz,"April 29, 2021 at 11:36AM"
temperatureF,74.321602,sanaz,"April 29, 2021 at 11:37AM"
temperatureF,74.262199,sanaz,"April 29, 2021 at 11:38AM"
temperatureF,75.212601,sanaz,"April 29, 2021 at 11:39AM"
temperatureF,74.974998,sanaz,"April 29, 2021 at 11:40AM"
temperatureF,74.737396,sanaz,"April 29, 2021 at 11:41AM"
temperatureF,73.846405,sanaz,"April 29, 2021 at 11:42AM"
temperatureF,74.678001,sanaz,"April 29, 2021 at 11:43AM"
temperatureF,75.450203,sanaz,"April 29, 2021 at 11:44AM"
temperatureF,74.678001,sanaz,"April 29, 2021 at 11:45AM"
temperatureF,74.974998,sanaz,"April 29, 2021 at 11:46AM"
temperatureF,74.796799,sanaz,"April 29, 2021 at 11:47AM"
temperatureF,74.440399,sanaz,"April 29, 2021 at 11:48AM"
temperatureF,73.608803,sanaz,"April 29, 2021 at 11:49AM"
temperatureF,74.856194,sanaz,"April 29, 2021 at 11:50AM"
temperatureF,74.796799,sanaz,"April 29, 2021 at 11:51AM"
temperatureF,74.024597,sanaz,"April 29, 2021 at 11:52AM"
temperatureF,73.965195,sanaz,"April 29, 2021 at 11:53AM"
temperatureF,74.915596,sanaz,"April 29, 2021 at 11:54AM"
temperatureF,74.440399,sanaz,"April 29, 2021 at 11:55AM"
temperatureF,74.618599,sanaz,"April 29, 2021 at 11:56AM"
temperatureF,75.450203,sanaz,"April 29, 2021 at 11:57AM"
temperatureF,74.737396,sanaz,"April 29, 2021 at 11:58AM"
temperatureF,74.499802,sanaz,"April 29, 2021 at 11:59AM"
temperatureF,74.024597,sanaz,"April 29, 2021 at 12:00PM"
temperatureF,73.787003,sanaz,"April 29, 2021 at 12:01PM"
temperatureF,74.856194,sanaz,"April 29, 2021 at 12:02PM"
temperatureF,74.678001,sanaz,"April 29, 2021 at 12:03PM"
temperatureF,74.143402,sanaz,"April 29, 2021 at 12:04PM"
temperatureF,74.856194,sanaz,"April 29, 2021 at 12:05PM"
temperatureF,74.796799,sanaz,"April 29, 2021 at 12:06PM"
temperatureF,74.796799,sanaz,"April 29, 2021 at 12:07PM"
temperatureF,74.974998,sanaz,"April 29, 2021 at 12:08PM"
temperatureF,74.915596,sanaz,"April 29, 2021 at 12:09PM"
temperatureF,74.380997,sanaz,"April 29, 2021 at 12:10PM"
temperatureF,74.559196,sanaz,"April 29, 2021 at 12:11PM"
temperatureF,74.084,sanaz,"April 29, 2021 at 12:12PM"
temperatureF,74.796799,sanaz,"April 29, 2021 at 12:13PM"
temperatureF,74.678001,sanaz,"April 29, 2021 at 12:14PM"
temperatureF,73.965195,sanaz,"April 29, 2021 at 12:15PM"
temperatureF,74.440399,sanaz,"April 29, 2021 at 12:16PM"
temperatureF,74.084,sanaz,"April 29, 2021 at 12:17PM"
temperatureF,74.321602,sanaz,"April 29, 2021 at 12:18PM"
temperatureF,74.559196,sanaz,"April 29, 2021 at 12:19PM"
temperatureF,74.143402,sanaz,"April 29, 2021 at 12:20PM"
temperatureF,74.084,sanaz,"April 29, 2021 at 12:21PM"
temperatureF,74.262199,sanaz,"April 29, 2021 at 12:22PM"
temperatureF,75.7472,sanaz,"April 29, 2021 at 12:23PM"
temperatureF,74.974998,sanaz,"April 29, 2021 at 12:24PM"
temperatureF,74.262199,sanaz,"April 29, 2021 at 12:25PM"
temperatureF,74.737396,sanaz,"April 29, 2021 at 12:26PM"
temperatureF,74.559196,sanaz,"April 29, 2021 at 12:27PM"
temperatureF,74.262199,sanaz,"April 29, 2021 at 12:28PM"
temperatureF,74.262199,sanaz,"April 29, 2021 at 12:29PM"
temperatureF,73.9058,sanaz,"April 29, 2021 at 12:30PM"
temperatureF,74.618599,sanaz,"April 29, 2021 at 12:31PM"
temperatureF,74.499802,sanaz,"April 29, 2021 at 12:32PM"
temperatureF,74.321602,sanaz,"April 29, 2021 at 12:33PM"
temperatureF,74.737396,sanaz,"April 29, 2021 at 12:34PM"
temperatureF,73.5494,sanaz,"April 29, 2021 at 12:35PM"
temperatureF,73.9058,sanaz,"April 29, 2021 at 12:36PM"
temperatureF,74.321602,sanaz,"April 29, 2021 at 12:37PM"
temperatureF,73.074196,sanaz,"April 29, 2021 at 12:38PM"
temperatureF,73.311798,sanaz,"April 29, 2021 at 12:39PM"
temperatureF,73.9058,sanaz,"April 29, 2021 at 12:40PM"
temperatureF,74.143402,sanaz,"April 29, 2021 at 12:41PM"
temperatureF,73.668198,sanaz,"April 29, 2021 at 12:42PM"
temperatureF,73.965195,sanaz,"April 29, 2021 at 12:43PM"
temperatureF,74.321602,sanaz,"April 29, 2021 at 12:44PM"
temperatureF,74.262199,sanaz,"April 29, 2021 at 12:45PM"
temperatureF,73.5494,sanaz,"April 29, 2021 at 12:46PM"
temperatureF,73.787003,sanaz,"April 29, 2021 at 12:47PM"
temperatureF,73.965195,sanaz,"April 29, 2021 at 12:48PM"
temperatureF,74.737396,sanaz,"April 29, 2021 at 12:49PM"
temperatureF,74.202805,sanaz,"April 29, 2021 at 12:50PM"
temperatureF,73.489998,sanaz,"April 29, 2021 at 12:51PM"
temperatureF,74.084,sanaz,"April 29, 2021 at 12:52PM"
temperatureF,74.499802,sanaz,"April 29, 2021 at 12:53PM"
temperatureF,73.846405,sanaz,"April 29, 2021 at 12:54PM"
temperatureF,73.7276,sanaz,"April 29, 2021 at 12:55PM"
temperatureF,74.499802,sanaz,"April 29, 2021 at 12:56PM"
temperatureF,74.856194,sanaz,"April 29, 2021 at 12:57PM"
temperatureF,74.262199,sanaz,"April 29, 2021 at 12:58PM"
temperatureF,74.262199,sanaz,"April 29, 2021 at 12:59PM"
temperatureF,74.974998,sanaz,"April 29, 2021 at 01:00PM"
temperatureF,74.262199,sanaz,"April 29, 2021 at 01:01PM"
temperatureF,74.440399,sanaz,"April 29, 2021 at 01:02PM"
temperatureF,73.787003,sanaz,"April 29, 2021 at 01:03PM"
temperatureF,75.866005,sanaz,"April 29, 2021 at 01:04PM"
temperatureF,75.331398,sanaz,"April 29, 2021 at 01:05PM"
temperatureF,74.321602,sanaz,"April 29, 2021 at 01:06PM"
temperatureF,75.212601,sanaz,"April 29, 2021 at 01:07PM"
temperatureF,75.093803,sanaz,"April 29, 2021 at 01:08PM"
temperatureF,75.212601,sanaz,"April 29, 2021 at 01:09PM"
temperatureF,74.856194,sanaz,"April 29, 2021 at 01:10PM"
temperatureF,74.737396,sanaz,"April 29, 2021 at 01:11PM"
temperatureF,75.687805,sanaz,"April 29, 2021 at 01:12PM"
temperatureF,74.380997,sanaz,"April 29, 2021 at 01:13PM"
temperatureF,75.628403,sanaz,"April 29, 2021 at 01:14PM"
temperatureF,74.856194,sanaz,"April 29, 2021 at 01:15PM"
temperatureF,75.093803,sanaz,"April 29, 2021 at 01:16PM"
temperatureF,74.202805,sanaz,"April 29, 2021 at 01:17PM"
temperatureF,75.093803,sanaz,"April 29, 2021 at 01:18PM"
temperatureF,75.3908,sanaz,"April 29, 2021 at 01:19PM"
temperatureF,74.202805,sanaz,"April 29, 2021 at 01:20PM"
temperatureF,75.153198,sanaz,"April 29, 2021 at 01:21PM"
temperatureF,74.559196,sanaz,"April 29, 2021 at 01:22PM"
temperatureF,74.559196,sanaz,"April 29, 2021 at 01:23PM"
temperatureF,74.499802,sanaz,"April 29, 2021 at 01:24PM"
temperatureF,74.084,sanaz,"April 29, 2021 at 01:25PM"
temperatureF,74.974998,sanaz,"April 29, 2021 at 01:26PM"
temperatureF,73.608803,sanaz,"April 29, 2021 at 01:27PM"
temperatureF,74.559196,sanaz,"April 29, 2021 at 01:28PM"
temperatureF,74.262199,sanaz,"April 29, 2021 at 01:29PM"
temperatureF,74.084,sanaz,"April 29, 2021 at 01:30PM"
temperatureF,74.974998,sanaz,"April 29, 2021 at 01:31PM"
temperatureF,74.559196,sanaz,"April 29, 2021 at 01:32PM"
temperatureF,73.965195,sanaz,"April 29, 2021 at 01:33PM"
temperatureF,74.084,sanaz,"April 29, 2021 at 01:34PM"
temperatureF,74.202805,sanaz,"April 29, 2021 at 01:35PM"
temperatureF,73.846405,sanaz,"April 29, 2021 at 01:36PM"
temperatureF,72.836601,sanaz,"April 29, 2021 at 01:37PM"
temperatureF,74.974998,sanaz,"April 29, 2021 at 01:38PM"
temperatureF,74.618599,sanaz,"April 29, 2021 at 01:39PM"
temperatureF,74.974998,sanaz,"April 29, 2021 at 01:40PM"
temperatureF,74.974998,sanaz,"April 29, 2021 at 01:41PM"
temperatureF,74.262199,sanaz,"April 29, 2021 at 01:42PM"
temperatureF,74.737396,sanaz,"April 29, 2021 at 01:43PM"
temperatureF,74.974998,sanaz,"April 29, 2021 at 01:44PM"
temperatureF,74.380997,sanaz,"April 29, 2021 at 01:45PM"
temperatureF,74.380997,sanaz,"April 29, 2021 at 01:46PM"
temperatureF,75.034401,sanaz,"April 29, 2021 at 01:47PM"
temperatureF,75.450203,sanaz,"April 29, 2021 at 01:48PM"
temperatureF,74.321602,sanaz,"April 29, 2021 at 01:49PM"
temperatureF,74.440399,sanaz,"April 29, 2021 at 01:50PM"
temperatureF,74.143402,sanaz,"April 29, 2021 at 01:51PM"
temperatureF,74.796799,sanaz,"April 29, 2021 at 01:52PM"
temperatureF,74.915596,sanaz,"April 29, 2021 at 01:53PM"
temperatureF,73.608803,sanaz,"April 29, 2021 at 01:54PM"
temperatureF,74.737396,sanaz,"April 29, 2021 at 01:55PM"
temperatureF,73.965195,sanaz,"April 29, 2021 at 01:56PM"
temperatureF,74.618599,sanaz,"April 29, 2021 at 01:57PM"
temperatureF,74.796799,sanaz,"April 29, 2021 at 01:58PM"
temperatureF,74.974998,sanaz,"April 29, 2021 at 01:59PM"
temperatureF,75.7472,sanaz,"April 29, 2021 at 02:00PM"
temperatureF,75.7472,sanaz,"April 29, 2021 at 02:01PM"
temperatureF,74.618599,sanaz,"April 29, 2021 at 02:02PM"
temperatureF,74.737396,sanaz,"April 29, 2021 at 02:03PM"
temperatureF,74.796799,sanaz,"April 29, 2021 at 02:04PM"
temperatureF,75.212601,sanaz,"April 29, 2021 at 02:05PM"
temperatureF,75.687805,sanaz,"April 29, 2021 at 02:06PM"
temperatureF,74.559196,sanaz,"April 29, 2021 at 02:07PM"
temperatureF,75.034401,sanaz,"April 29, 2021 at 02:08PM"
temperatureF,74.559196,sanaz,"April 29, 2021 at 02:09PM"
temperatureF,74.678001,sanaz,"April 29, 2021 at 02:10PM"
temperatureF,74.915596,sanaz,"April 29, 2021 at 02:11PM"
temperatureF,74.618599,sanaz,"April 29, 2021 at 02:12PM"
temperatureF,74.915596,sanaz,"April 29, 2021 at 02:13PM"
temperatureF,74.974998,sanaz,"April 29, 2021 at 02:14PM"
temperatureF,74.499802,sanaz,"April 29, 2021 at 02:15PM"
temperatureF,75.034401,sanaz,"April 29, 2021 at 02:16PM"
temperatureF,75.212601,sanaz,"April 29, 2021 at 02:17PM"
temperatureF,75.984802,sanaz,"April 29, 2021 at 02:18PM"
temperatureF,74.856194,sanaz,"April 29, 2021 at 02:19PM"
temperatureF,75.806602,sanaz,"April 29, 2021 at 02:20PM"
temperatureF,76.163002,sanaz,"April 29, 2021 at 02:21PM"
temperatureF,75.212601,sanaz,"April 29, 2021 at 02:22PM"
temperatureF,75.7472,sanaz,"April 29, 2021 at 02:23PM"
temperatureF,75.509598,sanaz,"April 29, 2021 at 02:24PM"
temperatureF,75.569,sanaz,"April 29, 2021 at 02:25PM"
temperatureF,75.984802,sanaz,"April 29, 2021 at 02:26PM"
temperatureF,75.509598,sanaz,"April 29, 2021 at 02:27PM"
temperatureF,75.687805,sanaz,"April 29, 2021 at 02:28PM"
temperatureF,75.687805,sanaz,"April 29, 2021 at 02:29PM"
temperatureF,76.163002,sanaz,"April 29, 2021 at 02:30PM"
temperatureF,76.638199,sanaz,"April 29, 2021 at 02:31PM"
temperatureF,76.1036,sanaz,"April 29, 2021 at 02:32PM"
temperatureF,75.984802,sanaz,"April 29, 2021 at 02:33PM"
temperatureF,75.806602,sanaz,"April 29, 2021 at 02:34PM"
temperatureF,75.984802,sanaz,"April 29, 2021 at 02:35PM"
temperatureF,76.1036,sanaz,"April 29, 2021 at 02:36PM"
temperatureF,75.984802,sanaz,"April 29, 2021 at 02:37PM"
temperatureF,74.678001,sanaz,"April 29, 2021 at 02:38PM"
temperatureF,76.222404,sanaz,"April 29, 2021 at 02:39PM"
temperatureF,77.232201,sanaz,"April 29, 2021 at 02:40PM"
temperatureF,75.7472,sanaz,"April 29, 2021 at 02:41PM"
temperatureF,76.400597,sanaz,"April 29, 2021 at 02:42PM"
temperatureF,76.994598,sanaz,"April 29, 2021 at 02:43PM"
temperatureF,76.341202,sanaz,"April 29, 2021 at 02:44PM"
temperatureF,75.9254,sanaz,"April 29, 2021 at 02:45PM"
temperatureF,76.459999,sanaz,"April 29, 2021 at 02:46PM"
temperatureF,76.816399,sanaz,"April 29, 2021 at 02:47PM"
temperatureF,76.163002,sanaz,"April 29, 2021 at 02:48PM"
temperatureF,76.341202,sanaz,"April 29, 2021 at 02:58PM"
temperatureF,76.1036,sanaz,"April 29, 2021 at 02:59PM"
temperatureF,77.172798,sanaz,"April 29, 2021 at 03:00PM"
temperatureF,75.866005,sanaz,"April 29, 2021 at 03:01PM"
temperatureF,75.569,sanaz,"April 29, 2021 at 03:02PM"
temperatureF,76.519402,sanaz,"April 29, 2021 at 03:03PM"
temperatureF,76.341202,sanaz,"April 29, 2021 at 03:04PM"
temperatureF,76.044197,sanaz,"April 29, 2021 at 03:05PM"
temperatureF,74.974998,sanaz,"April 29, 2021 at 03:06PM"
temperatureF,75.687805,sanaz,"April 29, 2021 at 03:07PM"
temperatureF,76.400597,sanaz,"April 29, 2021 at 03:08PM"
temperatureF,75.866005,sanaz,"April 29, 2021 at 03:09PM"
temperatureF,76.578804,sanaz,"April 29, 2021 at 03:10PM"
temperatureF,75.450203,sanaz,"April 29, 2021 at 03:11PM"
temperatureF,75.509598,sanaz,"April 29, 2021 at 03:12PM"
temperatureF,76.875801,sanaz,"April 29, 2021 at 03:13PM"
temperatureF,76.578804,sanaz,"April 29, 2021 at 03:14PM"
temperatureF,76.044197,sanaz,"April 29, 2021 at 03:15PM"
temperatureF,76.1036,sanaz,"April 29, 2021 at 03:16PM"
temperatureF,75.9254,sanaz,"April 29, 2021 at 03:17PM"
temperatureF,75.687805,sanaz,"April 29, 2021 at 03:18PM"
temperatureF,75.806602,sanaz,"April 29, 2021 at 03:19PM"
temperatureF,76.044197,sanaz,"April 29, 2021 at 03:20PM"
temperatureF,75.9254,sanaz,"April 29, 2021 at 03:21PM"
temperatureF,76.341202,sanaz,"April 29, 2021 at 03:22PM"
temperatureF,76.222404,sanaz,"April 29, 2021 at 03:23PM"
temperatureF,76.163002,sanaz,"April 29, 2021 at 03:24PM"
temperatureF,75.9254,sanaz,"April 29, 2021 at 03:25PM"
temperatureF,75.9254,sanaz,"April 29, 2021 at 03:26PM"
temperatureF,76.400597,sanaz,"April 29, 2021 at 03:27PM"
temperatureF,77.350998,sanaz,"April 29, 2021 at 03:28PM"
temperatureF,76.816399,sanaz,"April 29, 2021 at 03:29PM"
temperatureF,76.222404,sanaz,"April 29, 2021 at 03:30PM"
temperatureF,76.578804,sanaz,"April 29, 2021 at 03:31PM"
temperatureF,76.1036,sanaz,"April 29, 2021 at 03:32PM"
temperatureF,75.984802,sanaz,"April 29, 2021 at 03:33PM"
temperatureF,75.687805,sanaz,"April 29, 2021 at 03:34PM"
temperatureF,74.974998,sanaz,"April 29, 2021 at 03:35PM"
temperatureF,75.9254,sanaz,"April 29, 2021 at 03:36PM"
temperatureF,76.816399,sanaz,"April 29, 2021 at 03:37PM"
temperatureF,76.697601,sanaz,"April 29, 2021 at 03:38PM"
temperatureF,77.054001,sanaz,"April 29, 2021 at 03:39PM"
temperatureF,76.578804,sanaz,"April 29, 2021 at 03:40PM"
temperatureF,75.3908,sanaz,"April 29, 2021 at 03:41PM"
temperatureF,75.9254,sanaz,"April 29, 2021 at 03:42PM"
temperatureF,75.866005,sanaz,"April 29, 2021 at 03:43PM"
temperatureF,76.400597,sanaz,"April 29, 2021 at 03:44PM"
temperatureF,76.756996,sanaz,"April 29, 2021 at 03:45PM"
temperatureF,76.875801,sanaz,"April 29, 2021 at 03:46PM"
temperatureF,77.350998,sanaz,"April 29, 2021 at 03:47PM"
temperatureF,77.469803,sanaz,"April 29, 2021 at 03:48PM"
temperatureF,76.697601,sanaz,"April 29, 2021 at 03:49PM"
temperatureF,77.529198,sanaz,"April 29, 2021 at 03:50PM"
temperatureF,76.875801,sanaz,"April 29, 2021 at 03:51PM"
temperatureF,76.638199,sanaz,"April 29, 2021 at 03:52PM"
temperatureF,77.5886,sanaz,"April 29, 2021 at 03:53PM"
temperatureF,77.054001,sanaz,"April 29, 2021 at 03:54PM"
temperatureF,76.875801,sanaz,"April 29, 2021 at 03:55PM"
temperatureF,77.648003,sanaz,"April 29, 2021 at 03:56PM"
temperatureF,76.994598,sanaz,"April 29, 2021 at 03:57PM"
temperatureF,76.163002,sanaz,"April 29, 2021 at 03:58PM"
temperatureF,76.697601,sanaz,"April 29, 2021 at 03:59PM"
temperatureF,76.341202,sanaz,"April 29, 2021 at 04:00PM"
temperatureF,76.163002,sanaz,"April 29, 2021 at 04:01PM"
temperatureF,76.1036,sanaz,"April 29, 2021 at 04:02PM"
temperatureF,76.163002,sanaz,"April 29, 2021 at 04:03PM"
temperatureF,75.866005,sanaz,"April 29, 2021 at 04:04PM"
temperatureF,76.459999,sanaz,"April 29, 2021 at 04:05PM"
temperatureF,76.697601,sanaz,"April 29, 2021 at 04:06PM"
temperatureF,76.638199,sanaz,"April 29, 2021 at 04:07PM"
temperatureF,76.578804,sanaz,"April 29, 2021 at 04:08PM"
temperatureF,77.172798,sanaz,"April 29, 2021 at 04:09PM"
temperatureF,75.7472,sanaz,"April 29, 2021 at 04:10PM"
temperatureF,76.1036,sanaz,"April 29, 2021 at 04:11PM"
temperatureF,75.9254,sanaz,"April 29, 2021 at 04:12PM"
temperatureF,76.697601,sanaz,"April 29, 2021 at 04:13PM"
temperatureF,75.866005,sanaz,"April 29, 2021 at 04:14PM"
temperatureF,75.272003,sanaz,"April 29, 2021 at 04:15PM"
temperatureF,75.3908,sanaz,"April 29, 2021 at 04:16PM"
temperatureF,75.034401,sanaz,"April 29, 2021 at 04:17PM"
temperatureF,74.856194,sanaz,"April 29, 2021 at 04:18PM"
temperatureF,75.034401,sanaz,"April 29, 2021 at 04:19PM"
temperatureF,75.569,sanaz,"April 29, 2021 at 04:20PM"
temperatureF,74.737396,sanaz,"April 29, 2021 at 04:21PM"
temperatureF,75.450203,sanaz,"April 29, 2021 at 04:22PM"
temperatureF,75.806602,sanaz,"April 29, 2021 at 04:23PM"
temperatureF,75.093803,sanaz,"April 29, 2021 at 04:24PM"
temperatureF,74.737396,sanaz,"April 29, 2021 at 04:25PM"
temperatureF,74.974998,sanaz,"April 29, 2021 at 04:26PM"
temperatureF,75.7472,sanaz,"April 29, 2021 at 04:27PM"
temperatureF,74.559196,sanaz,"April 29, 2021 at 04:28PM"
temperatureF,76.281799,sanaz,"April 29, 2021 at 04:29PM"
temperatureF,75.331398,sanaz,"April 29, 2021 at 04:30PM"
temperatureF,74.856194,sanaz,"April 29, 2021 at 04:31PM"
temperatureF,75.9254,sanaz,"April 29, 2021 at 04:32PM"
temperatureF,75.093803,sanaz,"April 29, 2021 at 04:33PM"
temperatureF,73.608803,sanaz,"April 29, 2021 at 04:34PM"
temperatureF,73.5494,sanaz,"April 29, 2021 at 04:35PM"
temperatureF,75.569,sanaz,"April 29, 2021 at 04:36PM"
temperatureF,75.9254,sanaz,"April 29, 2021 at 04:37PM"
temperatureF,74.499802,sanaz,"April 29, 2021 at 04:38PM"
temperatureF,76.044197,sanaz,"April 29, 2021 at 04:39PM"
temperatureF,74.143402,sanaz,"April 29, 2021 at 04:40PM"
temperatureF,74.262199,sanaz,"April 29, 2021 at 04:41PM"
temperatureF,76.638199,sanaz,"April 29, 2021 at 04:42PM"
temperatureF,75.212601,sanaz,"April 29, 2021 at 04:43PM"
temperatureF,74.559196,sanaz,"April 29, 2021 at 04:44PM"
temperatureF,74.499802,sanaz,"April 29, 2021 at 04:45PM"
temperatureF,75.034401,sanaz,"April 29, 2021 at 04:46PM"
temperatureF,74.440399,sanaz,"April 29, 2021 at 04:47PM"
temperatureF,74.559196,sanaz,"April 29, 2021 at 04:48PM"
temperatureF,76.222404,sanaz,"April 29, 2021 at 04:49PM"
temperatureF,76.222404,sanaz,"April 29, 2021 at 04:50PM"
temperatureF,76.163002,sanaz,"April 29, 2021 at 05:03PM"
temperatureF,76.459999,sanaz,"April 29, 2021 at 05:04PM"
temperatureF,74.856194,sanaz,"April 29, 2021 at 05:05PM"
temperatureF,77.291595,sanaz,"April 29, 2021 at 05:06PM"
temperatureF,75.212601,sanaz,"April 29, 2021 at 05:07PM"
temperatureF,75.9254,sanaz,"April 29, 2021 at 05:08PM"
temperatureF,76.163002,sanaz,"April 29, 2021 at 05:09PM"
temperatureF,76.281799,sanaz,"April 29, 2021 at 05:10PM"
temperatureF,76.816399,sanaz,"April 29, 2021 at 05:11PM"
temperatureF,75.866005,sanaz,"April 29, 2021 at 05:12PM"
temperatureF,75.9254,sanaz,"April 29, 2021 at 05:13PM"
temperatureF,74.321602,sanaz,"April 29, 2021 at 05:14PM"
temperatureF,74.440399,sanaz,"April 29, 2021 at 05:15PM"
temperatureF,75.7472,sanaz,"April 29, 2021 at 05:16PM"
temperatureF,74.262199,sanaz,"April 29, 2021 at 05:17PM"
temperatureF,74.974998,sanaz,"April 29, 2021 at 05:18PM"
temperatureF,74.380997,sanaz,"April 29, 2021 at 05:19PM"
temperatureF,73.193001,sanaz,"April 29, 2021 at 05:20PM"
temperatureF,74.678001,sanaz,"April 29, 2021 at 05:21PM"
temperatureF,74.856194,sanaz,"April 29, 2021 at 05:22PM"
temperatureF,74.380997,sanaz,"April 29, 2021 at 05:23PM"
temperatureF,74.974998,sanaz,"April 29, 2021 at 05:24PM"
temperatureF,72.658401,sanaz,"April 29, 2021 at 05:25PM"
temperatureF,74.499802,sanaz,"April 29, 2021 at 05:26PM"
temperatureF,72.123802,sanaz,"April 29, 2021 at 05:27PM"
temperatureF,72.836601,sanaz,"April 29, 2021 at 05:28PM"
temperatureF,73.430603,sanaz,"April 29, 2021 at 05:29PM"
temperatureF,73.965195,sanaz,"April 29, 2021 at 05:30PM"
temperatureF,74.084,sanaz,"April 29, 2021 at 05:31PM"
temperatureF,73.787003,sanaz,"April 29, 2021 at 05:32PM"
temperatureF,72.302002,sanaz,"April 29, 2021 at 05:33PM"
temperatureF,74.202805,sanaz,"April 29, 2021 at 05:34PM"
temperatureF,71.945602,sanaz,"April 29, 2021 at 05:35PM"
temperatureF,73.311798,sanaz,"April 29, 2021 at 05:36PM"
temperatureF,71.232803,sanaz,"April 29, 2021 at 05:37PM"
temperatureF,73.787003,sanaz,"April 29, 2021 at 05:38PM"
temperatureF,71.173401,sanaz,"April 29, 2021 at 05:39PM"
temperatureF,72.955399,sanaz,"April 29, 2021 at 05:40PM"
temperatureF,73.430603,sanaz,"April 29, 2021 at 05:41PM"
temperatureF,71.8862,sanaz,"April 29, 2021 at 05:42PM"
temperatureF,73.371201,sanaz,"April 29, 2021 at 05:43PM"
temperatureF,72.777199,sanaz,"April 29, 2021 at 05:44PM"
temperatureF,70.757599,sanaz,"April 29, 2021 at 05:45PM"
temperatureF,73.193001,sanaz,"April 29, 2021 at 05:46PM"
temperatureF,71.173401,sanaz,"April 29, 2021 at 05:47PM"
temperatureF,70.519997,sanaz,"April 29, 2021 at 05:48PM"
temperatureF,72.242599,sanaz,"April 29, 2021 at 05:49PM"
temperatureF,72.539597,sanaz,"April 29, 2021 at 05:50PM"
temperatureF,72.836601,sanaz,"April 29, 2021 at 05:51PM"
temperatureF,71.411003,sanaz,"April 29, 2021 at 05:52PM"
temperatureF,72.123802,sanaz,"April 29, 2021 at 05:53PM"
temperatureF,72.836601,sanaz,"April 29, 2021 at 05:54PM"
temperatureF,71.5298,sanaz,"April 29, 2021 at 05:55PM"
temperatureF,73.074196,sanaz,"April 29, 2021 at 05:56PM"
temperatureF,72.183197,sanaz,"April 29, 2021 at 05:57PM"
temperatureF,72.598999,sanaz,"April 29, 2021 at 05:58PM"
temperatureF,70.995201,sanaz,"April 29, 2021 at 05:59PM"
temperatureF,72.242599,sanaz,"April 29, 2021 at 06:00PM"
temperatureF,71.054596,sanaz,"April 29, 2021 at 06:01PM"
temperatureF,73.371201,sanaz,"April 29, 2021 at 06:02PM"
temperatureF,71.113998,sanaz,"April 29, 2021 at 06:03PM"
temperatureF,71.113998,sanaz,"April 29, 2021 at 06:04PM"
temperatureF,72.777199,sanaz,"April 29, 2021 at 06:05PM"
temperatureF,71.054596,sanaz,"April 29, 2021 at 06:06PM"
temperatureF,71.351601,sanaz,"April 29, 2021 at 06:07PM"
temperatureF,72.361404,sanaz,"April 29, 2021 at 06:08PM"
temperatureF,72.420799,sanaz,"April 29, 2021 at 06:09PM"
temperatureF,73.371201,sanaz,"April 29, 2021 at 06:10PM"
temperatureF,71.589203,sanaz,"April 29, 2021 at 06:11PM"
temperatureF,71.470406,sanaz,"April 29, 2021 at 06:12PM"
temperatureF,72.955399,sanaz,"April 29, 2021 at 06:13PM"
temperatureF,72.777199,sanaz,"April 29, 2021 at 06:14PM"
temperatureF,72.895996,sanaz,"April 29, 2021 at 06:15PM"
temperatureF,71.292198,sanaz,"April 29, 2021 at 06:16PM"
temperatureF,70.876396,sanaz,"April 29, 2021 at 06:17PM"
temperatureF,72.895996,sanaz,"April 29, 2021 at 06:18PM"
temperatureF,73.5494,sanaz,"April 29, 2021 at 06:19PM"
temperatureF,72.658401,sanaz,"April 29, 2021 at 06:20PM"
temperatureF,73.5494,sanaz,"April 29, 2021 at 06:21PM"
temperatureF,71.648598,sanaz,"April 29, 2021 at 06:22PM"
temperatureF,72.004997,sanaz,"April 29, 2021 at 06:23PM"
temperatureF,70.638802,sanaz,"April 29, 2021 at 06:24PM"
temperatureF,73.371201,sanaz,"April 29, 2021 at 06:25PM"
temperatureF,71.8862,sanaz,"April 29, 2021 at 06:26PM"
temperatureF,71.648598,sanaz,"April 29, 2021 at 06:27PM"
temperatureF,73.787003,sanaz,"April 29, 2021 at 06:28PM"
temperatureF,73.311798,sanaz,"April 29, 2021 at 06:29PM"
temperatureF,74.024597,sanaz,"April 29, 2021 at 06:30PM"
temperatureF,72.302002,sanaz,"April 29, 2021 at 06:31PM"
temperatureF,72.420799,sanaz,"April 29, 2021 at 06:32PM"
temperatureF,72.004997,sanaz,"April 29, 2021 at 06:33PM"
temperatureF,73.193001,sanaz,"April 29, 2021 at 06:34PM"
temperatureF,73.133598,sanaz,"April 29, 2021 at 06:35PM"
temperatureF,73.371201,sanaz,"April 29, 2021 at 06:36PM"
temperatureF,72.717804,sanaz,"April 29, 2021 at 06:37PM"
temperatureF,70.757599,sanaz,"April 29, 2021 at 06:38PM"
temperatureF,71.054596,sanaz,"April 29, 2021 at 06:39PM"
temperatureF,72.895996,sanaz,"April 29, 2021 at 06:40PM"
temperatureF,72.480194,sanaz,"April 29, 2021 at 06:41PM"
temperatureF,72.895996,sanaz,"April 29, 2021 at 06:42PM"
temperatureF,70.579399,sanaz,"April 29, 2021 at 06:43PM"
temperatureF,72.658401,sanaz,"April 29, 2021 at 06:44PM"
temperatureF,72.004997,sanaz,"April 29, 2021 at 06:45PM"
temperatureF,70.876396,sanaz,"April 29, 2021 at 06:46PM"
temperatureF,71.411003,sanaz,"April 29, 2021 at 06:47PM"
temperatureF,72.836601,sanaz,"April 29, 2021 at 06:48PM"
temperatureF,72.777199,sanaz,"April 29, 2021 at 06:59PM"
temperatureF,72.420799,sanaz,"April 29, 2021 at 07:00PM"
temperatureF,72.539597,sanaz,"April 29, 2021 at 07:01PM"
temperatureF,73.608803,sanaz,"April 29, 2021 at 07:02PM"
temperatureF,72.836601,sanaz,"April 29, 2021 at 07:03PM"
temperatureF,72.361404,sanaz,"April 29, 2021 at 07:04PM"
temperatureF,71.411003,sanaz,"April 29, 2021 at 07:05PM"
temperatureF,71.351601,sanaz,"April 29, 2021 at 07:06PM"
temperatureF,72.420799,sanaz,"April 29, 2021 at 07:07PM"
temperatureF,73.430603,sanaz,"April 29, 2021 at 07:08PM"
temperatureF,73.371201,sanaz,"April 29, 2021 at 07:09PM"
temperatureF,73.252403,sanaz,"April 29, 2021 at 07:10PM"
temperatureF,73.430603,sanaz,"April 29, 2021 at 07:11PM"
temperatureF,71.292198,sanaz,"April 29, 2021 at 07:12PM"
temperatureF,71.589203,sanaz,"April 29, 2021 at 07:13PM"
temperatureF,73.133598,sanaz,"April 29, 2021 at 07:14PM"
temperatureF,72.242599,sanaz,"April 29, 2021 at 07:15PM"
temperatureF,71.470406,sanaz,"April 29, 2021 at 07:16PM"
temperatureF,73.193001,sanaz,"April 29, 2021 at 07:17PM"
temperatureF,72.777199,sanaz,"April 29, 2021 at 07:18PM"
temperatureF,72.123802,sanaz,"April 29, 2021 at 07:19PM"
temperatureF,72.183197,sanaz,"April 29, 2021 at 07:20PM"
temperatureF,73.430603,sanaz,"April 29, 2021 at 07:21PM"
temperatureF,73.846405,sanaz,"April 29, 2021 at 07:22PM"
temperatureF,73.489998,sanaz,"April 29, 2021 at 07:23PM"
temperatureF,72.480194,sanaz,"April 29, 2021 at 07:24PM"
temperatureF,70.935799,sanaz,"April 29, 2021 at 07:25PM"
temperatureF,73.133598,sanaz,"April 29, 2021 at 07:26PM"
temperatureF,72.895996,sanaz,"April 29, 2021 at 07:27PM"
temperatureF,71.945602,sanaz,"April 29, 2021 at 07:28PM"
temperatureF,73.430603,sanaz,"April 29, 2021 at 07:29PM"
temperatureF,73.5494,sanaz,"April 29, 2021 at 07:30PM"
temperatureF,72.004997,sanaz,"April 29, 2021 at 07:31PM"
temperatureF,71.767403,sanaz,"April 29, 2021 at 07:32PM"
temperatureF,73.252403,sanaz,"April 29, 2021 at 07:33PM"
temperatureF,70.995201,sanaz,"April 29, 2021 at 07:34PM"
temperatureF,72.836601,sanaz,"April 29, 2021 at 07:35PM"
temperatureF,72.361404,sanaz,"April 29, 2021 at 07:36PM"
temperatureF,70.698196,sanaz,"April 29, 2021 at 07:37PM"
temperatureF,72.717804,sanaz,"April 29, 2021 at 07:38PM"
temperatureF,73.193001,sanaz,"April 29, 2021 at 07:39PM"
temperatureF,73.252403,sanaz,"April 29, 2021 at 07:40PM"
temperatureF,71.648598,sanaz,"April 29, 2021 at 07:41PM"
temperatureF,70.757599,sanaz,"April 29, 2021 at 07:42PM"
temperatureF,70.817001,sanaz,"April 29, 2021 at 07:43PM"
temperatureF,71.173401,sanaz,"April 29, 2021 at 07:44PM"
temperatureF,70.698196,sanaz,"April 29, 2021 at 07:45PM"
temperatureF,70.0448,sanaz,"April 29, 2021 at 07:46PM"
temperatureF,69.747803,sanaz,"April 29, 2021 at 07:47PM"
temperatureF,72.717804,sanaz,"April 29, 2021 at 07:48PM"
temperatureF,72.302002,sanaz,"April 29, 2021 at 07:49PM"
temperatureF,71.648598,sanaz,"April 29, 2021 at 07:50PM"
temperatureF,72.123802,sanaz,"April 29, 2021 at 07:51PM"
temperatureF,72.777199,sanaz,"April 29, 2021 at 07:52PM"
temperatureF,70.817001,sanaz,"April 29, 2021 at 07:53PM"
temperatureF,70.817001,sanaz,"April 29, 2021 at 07:54PM"
temperatureF,70.698196,sanaz,"April 29, 2021 at 07:55PM"
temperatureF,70.995201,sanaz,"April 29, 2021 at 07:56PM"
temperatureF,71.767403,sanaz,"April 29, 2021 at 07:57PM"
temperatureF,70.163597,sanaz,"April 29, 2021 at 07:58PM"
temperatureF,70.817001,sanaz,"April 29, 2021 at 07:59PM"
temperatureF,70.401199,sanaz,"April 29, 2021 at 08:00PM"
temperatureF,70.757599,sanaz,"April 29, 2021 at 08:01PM"
temperatureF,72.420799,sanaz,"April 29, 2021 at 08:02PM"
temperatureF,70.995201,sanaz,"April 29, 2021 at 08:03PM"
temperatureF,72.955399,sanaz,"April 29, 2021 at 08:04PM"
temperatureF,73.430603,sanaz,"April 29, 2021 at 08:05PM"
temperatureF,72.361404,sanaz,"April 29, 2021 at 08:06PM"
temperatureF,71.945602,sanaz,"April 29, 2021 at 08:07PM"
temperatureF,71.411003,sanaz,"April 29, 2021 at 08:08PM"
temperatureF,72.420799,sanaz,"April 29, 2021 at 08:09PM"
temperatureF,70.341805,sanaz,"April 29, 2021 at 08:10PM"
temperatureF,72.004997,sanaz,"April 29, 2021 at 08:11PM"
temperatureF,71.292198,sanaz,"April 29, 2021 at 08:12PM"
temperatureF,72.123802,sanaz,"April 29, 2021 at 08:13PM"
temperatureF,71.351601,sanaz,"April 29, 2021 at 08:14PM"
temperatureF,72.658401,sanaz,"April 29, 2021 at 08:15PM"
temperatureF,71.411003,sanaz,"April 29, 2021 at 08:16PM"
temperatureF,69.8666,sanaz,"April 29, 2021 at 08:17PM"
temperatureF,72.717804,sanaz,"April 29, 2021 at 08:18PM"
temperatureF,70.0448,sanaz,"April 29, 2021 at 08:19PM"
temperatureF,72.302002,sanaz,"April 29, 2021 at 08:20PM"
temperatureF,71.826805,sanaz,"April 29, 2021 at 08:21PM"
temperatureF,70.817001,sanaz,"April 29, 2021 at 08:22PM"
temperatureF,71.8862,sanaz,"April 29, 2021 at 08:23PM"
temperatureF,70.579399,sanaz,"April 29, 2021 at 08:24PM"
temperatureF,69.985397,sanaz,"April 29, 2021 at 08:25PM"